method,candidate,average,ai,literature,music,politics,science,movie,restaurant
beam,1,0.610371291221246,0.5865002835578454,0.5981356809443072,0.7268393452542857,0.6690238665998238,0.7051873730349244,0.5482878818450448,0.4177215189403521
beam,2,0.6787299748584132,0.6471432672485672,0.6656290531276967,0.7785966036026505,0.7249363867184322,0.7755868544101887,0.6414859395583319,0.4839476812848167
beam,3,0.7157045162973941,0.6862289366149094,0.7043568464230316,0.8085311096356701,0.7562939296624414,0.802944507311339,0.6923395444639984,0.5207264113228631
beam,4,0.7389548520769156,0.7101704878983767,0.717470191759228,0.8221153845653583,0.7769378602959123,0.8225714826237924,0.7242092205417991,0.5556646376908583
beam,5,0.7567998453532593,0.7249630723282235,0.7325912502735791,0.833360064103943,0.7911270675227455,0.8358605003291272,0.7499484216546466,0.5829770695210887
beam,10,0.8020260491541449,0.7649186256281223,0.7793621985499463,0.8718855488970874,0.8274883960304341,0.8612804877549093,0.805521472343043,0.6568181817700228
beam,20,0.8407105136322612,0.802197802147771,0.816558861528257,0.8967068272592087,0.8602400309217182,0.8832214764600775,0.8509348155137118,0.7297148113587834
beam,30,0.8588877711815621,0.8210140500415978,0.8340667874208685,0.9093247587924156,0.8784273150043008,0.89394523712701,0.8696088264296731,0.7620257759539074
beam,40,0.8703730237834579,0.8343520781895735,0.844867507024841,0.9200898587432956,0.8888888888388699,0.9002508199384172,0.878126876075892,0.7863677129553016
beam,50,0.8794099393208444,0.8462243961590739,0.8530170190319816,0.9241622574455612,0.8956342029982876,0.906981241489342,0.8876909253769745,0.8042309070859828
beam,60,0.8866161254447309,0.8544226043725602,0.8589147286321556,0.928777670787314,0.901869761394208,0.914053426198534,0.8937145133479335,0.818698897924382
beam,70,0.8916144704065919,0.8599508599008154,0.8644593894999099,0.9304264186739204,0.9061855669602872,0.9168921530230464,0.8997613364656866,0.8278063485940341
beam,80,0.8953468998667384,0.8649646262187936,0.8670460423710944,0.9326059049563888,0.9111053851599752,0.9189711854073458,0.9030080412486832,0.8342756183251681
beam,90,0.899048525164122,0.8708782742180557,0.8724832214264919,0.9342316329304,0.9138663576170304,0.9214092140421264,0.9063150589369684,0.84100935234163
beam,100,0.9016490968731548,0.8745364647212708,0.8743197719116398,0.935856318102632,0.9158396700105528,0.9232260565610718,0.909379023422466,0.8453680873052726
sample-temp=0.5-top_p=0.7,1,0.5967995863870262,0.5659128515777516,0.5880236442573634,0.7135391923490327,0.651951614864599,0.6771058314838514,0.5453996375584836,0.4110429447374198
sample-temp=0.5-top_p=0.7,2,0.6194531599679489,0.5918481294870663,0.6108247422180332,0.7374443737579892,0.6708416833167432,0.6953690303410712,0.574455205761425,0.4287085011995285
sample-temp=0.5-top_p=0.7,3,0.6311186744637208,0.602970019563798,0.6228748067506085,0.7432024168684074,0.6837349397090413,0.7066521264497516,0.5897098958362829,0.4394928927681726
sample-temp=0.5-top_p=0.7,4,0.6378890071681078,0.6093049326858839,0.6259029927260512,0.7515498330448759,0.689065055945973,0.7122289046340748,0.5989272340359321,0.4464937559560381
sample-temp=0.5-top_p=0.7,5,0.6424377307957521,0.6131386860818298,0.6306027820210871,0.7537337145988506,0.6930244270464476,0.7179674647647322,0.6054655869948483,0.4503362151299093
sample-temp=0.5-top_p=0.7,10,0.6492712406183562,0.6199324323828503,0.6355910378073159,0.7579516538939983,0.7007814468872288,0.723240469158448,0.6152600687622932,0.4565384614906814
sample-temp=0.5-top_p=0.7,20,0.6519614818531683,0.6216826651113196,0.6371590323740738,0.7609352631915872,0.7027504415346529,0.7273728657479125,0.6187632830188281,0.4583092624209623
sample-temp=0.5-top_p=0.7,30,0.6524338172002464,0.6222096636972076,0.6380241831246717,0.7612533799404342,0.7031802119641287,0.7276400366811691,0.6194475361235379,0.4584858408307078
sample-temp=0.5-top_p=0.7,40,0.652780413690781,0.6225614927408821,0.6385387187562641,0.7615262320644454,0.7031802119641287,0.7282748483793958,0.620040485780273,0.4584858408307078
sample-temp=0.5-top_p=0.7,50,0.6528433488622775,0.6225614927408821,0.6385387187562641,0.7616473206686931,0.7033438485304363,0.7282748483793958,0.620103249267047,0.4584858408307078
sample-temp=0.5-top_p=0.7,60,0.6529062870200214,0.6225614927408821,0.6385387187562641,0.7616473206686931,0.7035074438056598,0.7282748483793958,0.6202288143676495,0.4584858408307078
sample-temp=0.5-top_p=0.7,70,0.6529372686223311,0.6225614927408821,0.6385387187562641,0.7616473206686931,0.7035074438056598,0.7284086732321011,0.6202916159891992,0.4584858408307078
sample-temp=0.5-top_p=0.7,80,0.6529827724810006,0.6225614927408821,0.6385387187562641,0.7616473206686931,0.7035074438056598,0.728844738728726,0.6202916159891992,0.4584858408307078
sample-temp=0.5-top_p=0.7,90,0.6529982676703063,0.6225614927408821,0.6385387187562641,0.7616473206686931,0.7035074438056598,0.728844738728726,0.620354430330065,0.4584858408307078
sample-temp=0.5-top_p=0.7,100,0.6529982676703063,0.6225614927408821,0.6385387187562641,0.7616473206686931,0.7035074438056598,0.728844738728726,0.620354430330065,0.4584858408307078
sample-temp=0.5-top_p=0.9,1,0.5906245587112519,0.5647511684961498,0.5723045477271889,0.709952606585057,0.6406991260424029,0.6822041553252306,0.5412168297353758,0.3951910024732863
sample-temp=0.5-top_p=0.9,2,0.6340585714124205,0.6099251455008786,0.6172776210727704,0.7402473833943195,0.6877748460361944,0.7211308976921021,0.5910012160022099,0.4410794020103236
sample-temp=0.5-top_p=0.9,3,0.654929912043171,0.6264319641863051,0.6358737489877034,0.7633878912577806,0.705273782438009,0.7452499538332417,0.6171230784396261,0.4562220927499851
sample-temp=0.5-top_p=0.9,4,0.6668252646104431,0.6398424310140118,0.6480246279643473,0.7716560509053907,0.7169382341296063,0.752958579831836,0.6345136344639956,0.4660194174282032
sample-temp=0.5-top_p=0.9,5,0.6755449671924517,0.6502267573199737,0.6562499999499781,0.7762382544491006,0.7261452796260214,0.7632456464859217,0.6451481518697241,0.4728757534038051
sample-temp=0.5-top_p=0.9,10,0.6964824120103621,0.6701179176954302,0.6782876185093221,0.7924046592766067,0.7454869056199566,0.7794776118904261,0.6744257273623375,0.4910226385162365
sample-temp=0.5-top_p=0.9,20,0.7081394790617768,0.6818970502683124,0.6872746006712646,0.7994891442667054,0.7555046454889932,0.7897993624102553,0.691852154330626,0.5029354206963318
sample-temp=0.5-top_p=0.9,30,0.7125471086180674,0.6859791424762697,0.6908622908122759,0.8009592325638833,0.760667430850505,0.7937464682115228,0.6987336600811139,0.5071358748304741
sample-temp=0.5-top_p=0.9,40,0.7153316209683399,0.6881533100547126,0.6932168550373401,0.8028776977917009,0.7633723891501866,0.7958529688473434,0.703144140415887,0.5094819158861924
sample-temp=0.5-top_p=0.9,50,0.7167519027568635,0.6891146588761644,0.6949370341314263,0.8040940348132399,0.7645259938337745,0.7971315342018173,0.705654215096337,0.5098729227288122
sample-temp=0.5-top_p=0.9,60,0.7179437904857466,0.6909408679956045,0.6964790541776867,0.8052446433781802,0.7652683921468455,0.797733710998227,0.7074913247105441,0.5105551211410866
sample-temp=0.5-top_p=0.9,70,0.7189872200903656,0.6930923928385303,0.6978417265686863,0.8054356514287913,0.76670066287706,0.7981859409931498,0.7090519440263139,0.5106549364140517
sample-temp=0.5-top_p=0.9,80,0.7198039780417445,0.6946631670542679,0.6988943172552023,0.8054356514287913,0.7669556348301452,0.8000755857399374,0.7099867387038267,0.5113369819698589
sample-temp=0.5-top_p=0.9,90,0.7204055644487668,0.6962616821931381,0.6992539232841746,0.8055644387091684,0.7673084278474702,0.8002268001768652,0.7110657827142778,0.5120187609454218
sample-temp=0.5-top_p=0.9,100,0.7208609589199996,0.6964650890532715,0.6994338651069578,0.8059462915100767,0.767661310840061,0.8006807866369008,0.7119127687264872,0.5124999999526357
sample-temp=0.7-top_p=0.7,1,0.5947955389834718,0.5687517221881535,0.5925545570745039,0.7160298080996567,0.6461806419007619,0.6770175121366647,0.5401209676922165,0.4039427908298166
sample-temp=0.7-top_p=0.7,2,0.6280554110416985,0.6024567280353629,0.6190598509646265,0.7464632013488024,0.6752532199074974,0.7067395263619386,0.5853658536088499,0.4334365324601221
sample-temp=0.7-top_p=0.7,3,0.6439063684109849,0.6150405367131307,0.6296296295796163,0.7601910827525249,0.6902699308979011,0.7260750228230751,0.6058209106084793,0.4477958236182543
sample-temp=0.7-top_p=0.7,4,0.6540952109370106,0.6227848100770074,0.6354515049667093,0.7657270265465685,0.7037503145737092,0.7358006595325035,0.6193181817685169,0.4580919273374207
sample-temp=0.7-top_p=0.7,5,0.6601623699827938,0.628038439746879,0.6409663325123081,0.7689611216835648,0.710018903541679,0.7422491285504869,0.6279801156041842,0.4631131710608658
sample-temp=0.7-top_p=0.7,10,0.6704261545649322,0.6397956286758663,0.6481195259675057,0.7749242302897429,0.71751483768203,0.7527675276254695,0.645941278015977,0.46954167467679
sample-temp=0.7-top_p=0.7,20,0.6750166682041634,0.6440774486974759,0.6539747877040379,0.7777245890675757,0.7225382378465913,0.7558182489343012,0.6522401706300175,0.4730724524901878
sample-temp=0.7-top_p=0.7,30,0.6761945595231954,0.646355353025494,0.6546577457039752,0.7782386725728219,0.7232966754650971,0.7574972232008204,0.6537992685403496,0.4741228919857671
sample-temp=0.7-top_p=0.7,40,0.6771165848278384,0.646355353025494,0.6550038589672229,0.7791959157125793,0.7234795801750514,0.7599110781272705,0.6552214546435596,0.4748062015028096
sample-temp=0.7-top_p=0.7,50,0.6774339550228198,0.6468910438750104,0.6550038589672229,0.7793367346438533,0.7240768841179221,0.7601407667588371,0.6554946170537359,0.4751017244244184
sample-temp=0.7-top_p=0.7,60,0.6775123263678807,0.6469079509335026,0.6550038589672229,0.7793367346438533,0.7241684582780545,0.7601407667588371,0.6557676685124864,0.4751017244244184
sample-temp=0.7-top_p=0.7,70,0.6776245264990339,0.6469079509335026,0.6550038589672229,0.7794610109530057,0.7241684582780545,0.7604224568706781,0.6560373717387047,0.4751017244244184
sample-temp=0.7-top_p=0.7,80,0.6777521022918039,0.6470923602695845,0.6550038589672229,0.7795853269037238,0.7242600556039243,0.7604224568706781,0.656310285258494,0.4751937984020344
sample-temp=0.7-top_p=0.7,90,0.6777843954235417,0.6470923602695845,0.6550038589672229,0.7795853269037238,0.7243516761043233,0.7604224568706781,0.656310285258494,0.4752859080741563
sample-temp=0.7-top_p=0.7,100,0.6778489909200013,0.6470923602695845,0.6550038589672229,0.7797096825149781,0.7245349866638963,0.7605633802318558,0.656310285258494,0.4752859080741563
sample-temp=0.7-top_p=0.9,1,0.5828062444718594,0.5604026845142395,0.5803480040441464,0.7117516629211581,0.6296018031055335,0.6742712293546361,0.5261663285507391,0.375743162854381
sample-temp=0.7-top_p=0.9,2,0.6352756429584407,0.6130767052999342,0.6273006134469091,0.7490052522180025,0.6807494026911054,0.7141023289434483,0.5949857317074096,0.4383238244659317
sample-temp=0.7-top_p=0.9,3,0.6632923480460297,0.6425313568488322,0.6483431800167698,0.7702120873363578,0.7065052949575603,0.7400330699483831,0.6310510694417699,0.4689165186030309
sample-temp=0.7-top_p=0.9,4,0.6791378608691321,0.6618663593972425,0.6612035850972247,0.7798179785544781,0.7239201818140998,0.756886670314388,0.650086992069955,0.4833168805057671
sample-temp=0.7-top_p=0.9,5,0.69024682477633,0.6726431462775668,0.6704225351612445,0.7909279667284448,0.7347145022238678,0.7667719754193931,0.6641377895752044,0.492185954453508
sample-temp=0.7-top_p=0.9,10,0.7207176871885238,0.7039953338667492,0.704037027463482,0.8134078211790248,0.764511201579311,0.7928772258170197,0.7039278022271269,0.5181080545740417
sample-temp=0.7-top_p=0.9,20,0.7417853956734339,0.7235172616792143,0.7247565350601753,0.8261216668827536,0.7855957093102156,0.8080769956096296,0.734844599396536,0.5384310617597104
sample-temp=0.7-top_p=0.9,30,0.7515458936699064,0.7304606240213797,0.7321199691886322,0.8354106742868223,0.7949801510576759,0.8184568834598955,0.7476366625069717,0.5468595204602921
sample-temp=0.7-top_p=0.9,40,0.7565986657143876,0.739143456074614,0.7370038411791671,0.8386374539720427,0.7990779868881278,0.8219696969197527,0.754875795474979,0.5507533702940777
sample-temp=0.7-top_p=0.9,50,0.7595108038366013,0.7418967586534995,0.738784926891785,0.8410108764694869,0.801433875254038,0.8235071089547912,0.7599139255575597,0.5535289452346009
sample-temp=0.7-top_p=0.9,60,0.7619829918325898,0.7440744073907631,0.7418610612163169,0.84321559847962,0.8035874438961679,0.8248009100751933,0.7633759590296949,0.5559738458020791
sample-temp=0.7-top_p=0.9,70,0.7635239566734371,0.7460269864567677,0.743267504438306,0.8445083013548264,0.8049218148692308,0.8252463987370123,0.7656617270837682,0.5575589458615202
sample-temp=0.7-top_p=0.9,80,0.76520017380435,0.7485765657276676,0.7444843508991807,0.8451962974284286,0.8074358973858766,0.825938566502952,0.766779037645769,0.5611881187649224
sample-temp=0.7-top_p=0.9,90,0.7659625829313882,0.7499251272336429,0.7446753912766382,0.8455154803202256,0.8082542937208073,0.8259139988134758,0.7680833673390368,0.5623268697591111
sample-temp=0.7-top_p=0.9,100,0.766797846349093,0.7508245876561678,0.7453798767466915,0.8456996967746104,0.8090780868842015,0.8266060261012754,0.7697180220182358,0.5627842593953557
sample-temp=1.0-top_p=0.7,1,0.5882102976435458,0.5567180616246404,0.5848282931329657,0.7121858700305922,0.6398905744339886,0.6731014386681856,0.5291679303921216,0.4000788332205423
sample-temp=1.0-top_p=0.7,2,0.634283000899703,0.6026711184814102,0.6268656715917789,0.7403647897993065,0.6792689033050433,0.7234904270488822,0.5954291518040787,0.4394477317083495
sample-temp=1.0-top_p=0.7,3,0.659508618176879,0.6274179982683686,0.6508753861497817,0.7598793841747057,0.7043139227270095,0.7477810650389367,0.6271514410339832,0.4623571146553052
sample-temp=1.0-top_p=0.7,4,0.6724722049412226,0.6434195725038572,0.6623744526927123,0.7683508102454978,0.7156194801417685,0.7562744003963273,0.6451810300370737,0.4780122263382463
sample-temp=1.0-top_p=0.7,5,0.6810919251488787,0.6519774010803308,0.6670097786427289,0.7770356233596466,0.7221310440100869,0.76272134198182,0.6577578291863332,0.4877663772220751
sample-temp=1.0-top_p=0.7,10,0.6992816091454654,0.6679977181476846,0.6829896906716377,0.787115292566783,0.7419762445797617,0.7784857570715438,0.6854047423870346,0.5014795817244816
sample-temp=1.0-top_p=0.7,20,0.7104771037621032,0.6777713956998265,0.6908997163717466,0.7964291407119714,0.7516795537590886,0.7857142856643756,0.7037339318010276,0.5113524185116888
sample-temp=1.0-top_p=0.7,30,0.7143919939984047,0.683573486981933,0.696391752527307,0.8005743458338294,0.7537739438799623,0.7891259202823337,0.709276248676167,0.5129421062560786
sample-temp=1.0-top_p=0.7,40,0.71633911640437,0.6843470740349814,0.6980937660499348,0.8015328117015313,0.7555499174940686,0.7902586369143895,0.7126998675539938,0.5154150197158281
sample-temp=1.0-top_p=0.7,50,0.7173234771257065,0.685137085087308,0.6986089644013,0.8017888515711213,0.7563110490429713,0.7904869761675115,0.71475142619324,0.5168938944402317
sample-temp=1.0-top_p=0.7,60,0.7178317648818952,0.685532775000753,0.6991241627526653,0.802299584747164,0.7564070032486413,0.790864477111264,0.7154653888789128,0.5177865612178043
sample-temp=1.0-top_p=0.7,70,0.7184866888619003,0.6865067898953175,0.700669757806761,0.8027471649395929,0.7568527918281586,0.7910137813357602,0.7163966166832793,0.5182698004664937
sample-temp=1.0-top_p=0.7,80,0.7187575015103971,0.6872653767911082,0.7010309277850387,0.8027471649395929,0.757168231363333,0.7910137813357602,0.7167465089708632,0.5185624012167812
sample-temp=1.0-top_p=0.7,90,0.7190455614268597,0.6876625252319254,0.7010309277850387,0.803129490609403,0.7575796016244758,0.7910926589423345,0.7169503617891282,0.5188697885323084
sample-temp=1.0-top_p=0.7,100,0.7193239382018196,0.6880601329366233,0.7012116524377424,0.803129490609403,0.7579294594780247,0.7913913535464454,0.717488789188043,0.5188697885323084
sample-temp=1.0-top_p=0.9,1,0.5569172698322786,0.5310924369252573,0.55096277273561,0.6779339756252359,0.6172932330327168,0.6541133454712807,0.4972296326202603,0.3344976371024613
sample-temp=1.0-top_p=0.9,2,0.635153608123319,0.5996602491009942,0.6241645243715797,0.7583678673392021,0.6879979764265315,0.7320431707726222,0.5879938429468546,0.4172864321143338
sample-temp=1.0-top_p=0.9,3,0.6706074586198192,0.6377142856645832,0.653955166144269,0.7851094423529148,0.7195137393446961,0.7602012296874187,0.6354370430885428,0.458091618277033
sample-temp=1.0-top_p=0.9,4,0.6926165460035015,0.6637955784745208,0.6745684101535437,0.7985289414274289,0.7399313936737816,0.7776328051691447,0.6633031300987512,0.4865725084075335
sample-temp=1.0-top_p=0.9,5,0.7078078366690592,0.6759098786330598,0.6912371133520496,0.8103172059736844,0.7544864451580782,0.7879352075464892,0.6824693393300642,0.5058613152720437
sample-temp=1.0-top_p=0.9,10,0.7486222565487684,0.7257634153073168,0.7322121603639664,0.8382753645917427,0.7922111196015299,0.8162344982589969,0.7393092104767773,0.544552490526636
sample-temp=1.0-top_p=0.9,20,0.7783828262527782,0.7543439184641041,0.7575367172908752,0.856593494582243,0.8214606596855714,0.8404417364313753,0.7804378964104076,0.5783419277595157
sample-temp=1.0-top_p=0.9,30,0.7919437123222601,0.7664057796008196,0.7700231779051714,0.8698443267033026,0.8311721658249305,0.8501622446532134,0.799266727723052,0.5953506697716388
sample-temp=1.0-top_p=0.9,40,0.799400183764743,0.7736077481340097,0.7801491385460185,0.8729547641463149,0.837167459145455,0.8559954101622971,0.8095625635312305,0.6048434730774968
sample-temp=1.0-top_p=0.9,50,0.8052645585352569,0.7799086757490625,0.7877540519180779,0.8757604866614672,0.8447077001817588,0.8590013391503243,0.8163804490916926,0.6112969887345896
sample-temp=1.0-top_p=0.9,60,0.8094604724900679,0.785996955809945,0.7913669064247965,0.8765807587141786,0.8487578838475204,0.8626247121526188,0.8219900597941259,0.617259681494002
sample-temp=1.0-top_p=0.9,70,0.8123594690151651,0.7896341462914355,0.7941403237741864,0.8782594784334145,0.8521761524094177,0.8648233486443235,0.8255802168348858,0.6202432325930063
sample-temp=1.0-top_p=0.9,80,0.8148954176746843,0.7924413288131239,0.7958815958315756,0.8798846892517015,0.8554511519643949,0.8655913977994695,0.8293473854387676,0.6227450979919593
sample-temp=1.0-top_p=0.9,90,0.817030124218756,0.7948717948217642,0.7992803905950548,0.8813830638206296,0.8571060761600715,0.8675115206873344,0.8315266943075253,0.625367574938035
sample-temp=1.0-top_p=0.9,100,0.8182543326952624,0.7969465648354649,0.8010269575879719,0.8814862267276783,0.8587250482436042,0.8690978886256318,0.8326241134254955,0.6267605633329575
sample-temp=1.2-top_p=0.7,1,0.5820814049577477,0.5605131064758833,0.5717202653915295,0.7106598984271387,0.6316577272794458,0.682988755844402,0.5227642275926285,0.3676351896227502
sample-temp=1.2-top_p=0.7,2,0.6375214653192536,0.6108291031652939,0.6277222648743972,0.7469420174241649,0.681823891420924,0.7335053445871338,0.5983866026257765,0.4284572341659666
sample-temp=1.2-top_p=0.7,3,0.6641162968131028,0.6354077862532664,0.6596292481477216,0.7653888976754428,0.7040302266502496,0.7521747176995721,0.635135135085556,0.4594863626846487
sample-temp=1.2-top_p=0.7,4,0.6807684936258025,0.656366237432403,0.6768041236613287,0.774645644160838,0.7204138278581448,0.7632850241047399,0.6575847587335866,0.4773859334061171
sample-temp=1.2-top_p=0.7,5,0.6934273313171163,0.673581100497628,0.6879670187595726,0.7836331793800035,0.7315656565156494,0.769746646745963,0.6752075432526762,0.4923383084109107
sample-temp=1.2-top_p=0.7,10,0.719998076364516,0.6987740805105709,0.7083764218734688,0.7976380465506772,0.7588742393008998,0.7918628743143673,0.7153940383334041,0.5190627481659965
sample-temp=1.2-top_p=0.7,20,0.7356393726047525,0.716461628538296,0.7244661692322051,0.8055599935591772,0.7697585768241902,0.8031794094882881,0.7393519461496797,0.5392545598261955
sample-temp=1.2-top_p=0.7,30,0.7409225438033994,0.7220916568243789,0.7297088378783542,0.8114832535384915,0.7725365543047199,0.8053080568220905,0.7474541751031158,0.5452022204130309
sample-temp=1.2-top_p=0.7,40,0.7434212109769296,0.7255594816933282,0.7317701622792817,0.8126396424651355,0.7750222560863183,0.806684390379214,0.7509422429981437,0.5485533095051868
sample-temp=1.2-top_p=0.7,50,0.7452868802621261,0.7280235987701508,0.7348308804044177,0.8131482367458897,0.7766471635215936,0.8071374335111711,0.7543752543256129,0.5494549058004459
sample-temp=1.2-top_p=0.7,60,0.7468991594115636,0.729961549787405,0.73831051402904,0.8141762451607023,0.7776081424436219,0.8087369420203204,0.7563555012722971,0.5505350772420079
sample-temp=1.2-top_p=0.7,70,0.7477779115483043,0.7312592592093298,0.7386363635863537,0.8141762451607023,0.7783150928489394,0.8092705166673696,0.7581087950698231,0.5516148206386158
sample-temp=1.2-top_p=0.7,80,0.7484523665645636,0.732285798942063,0.7386363635863537,0.8148148147647891,0.7789661318572909,0.8094242826785255,0.7593984961909468,0.5520110956534761
sample-temp=1.2-top_p=0.7,90,0.749319391859886,0.7330370369871074,0.7395348836709215,0.8150630285122847,0.7799158913734558,0.8098042940788674,0.7606464071055469,0.5533095520735575
sample-temp=1.2-top_p=0.7,100,0.7497048121142371,0.7334716868756531,0.7400516795365545,0.8150630285122847,0.7799158913734558,0.8099581907520194,0.7612365262875503,0.5544986127156502
sample-temp=1.2-top_p=0.9,1,0.5401741563048709,0.5375247804658072,0.5434782608195705,0.6814650387957097,0.583801322800389,0.6298629121398727,0.4763393787290315,0.3052631578500481
sample-temp=1.2-top_p=0.9,2,0.6252654952194532,0.6166189111250625,0.6157840082573831,0.7396082178190652,0.672628794508507,0.7157502329417472,0.5800145575049274,0.4049079754142632
sample-temp=1.2-top_p=0.9,3,0.6671336440649761,0.6444572084511209,0.6544980442785752,0.7718120804868882,0.7132566661954112,0.7574563871194874,0.6322232596248079,0.4572122192537701
sample-temp=1.2-top_p=0.9,4,0.6943275786531364,0.6726639581626078,0.6788702928370608,0.7943805874340107,0.7376551025075986,0.7859304084220753,0.6630074564542746,0.490164592486599
sample-temp=1.2-top_p=0.9,5,0.7121091005484226,0.6923976607688543,0.6979795328810333,0.8060654428869259,0.7576027483912611,0.7974947807433678,0.6849570348402825,0.5095999999533596
sample-temp=1.2-top_p=0.9,10,0.7563505913792421,0.7357482184773767,0.7456919059552443,0.8369860821768169,0.7983128833855629,0.8319726599082761,0.7412226352251914,0.5627980921630095
sample-temp=1.2-top_p=0.9,20,0.7907877848046878,0.7659321023919761,0.778645833283345,0.8675008020032287,0.8298988864212447,0.8580731660101565,0.7862111292466452,0.6006731339858984
sample-temp=1.2-top_p=0.9,30,0.8074513123971857,0.7902790278528066,0.7979166666166773,0.8780409730613675,0.8468629961087492,0.8673449797925876,0.8064878098045082,0.6194029850274165
sample-temp=1.2-top_p=0.9,40,0.8182478218281338,0.7995147102927189,0.8077023158490446,0.8854033290152725,0.8576197200680934,0.8749519045286858,0.8203927953100815,0.6346228995227867
sample-temp=1.2-top_p=0.9,50,0.8257639913363013,0.8073282442247771,0.8147570797109792,0.8917707332192637,0.8636772452281484,0.8798151001040816,0.8303535147817114,0.6447470816645838
sample-temp=1.2-top_p=0.9,60,0.8306635047654783,0.8107612350462664,0.8197146562405292,0.8938762423353515,0.8685596813067812,0.8854548966082876,0.8359390862447527,0.6525621117536995
sample-temp=1.2-top_p=0.9,70,0.835014391745573,0.8167892156362362,0.8262448132280047,0.8975468974968689,0.8712208927841477,0.8884169883669809,0.8410381183607045,0.6581543818444171
sample-temp=1.2-top_p=0.9,80,0.8387814851058093,0.8228431071037806,0.8302180684858247,0.8990207095341745,0.8743563336266004,0.8903051370685702,0.8463409689347124,0.6634485421419289
sample-temp=1.2-top_p=0.9,90,0.8414356890131345,0.8250460404656121,0.8330303816690338,0.9012861735834126,0.8772832518151696,0.8921113688595017,0.8488772000312262,0.6676952747835304
sample-temp=1.2-top_p=0.9,100,0.8441467365834807,0.8280098279597855,0.8353246752746758,0.9029766692983232,0.8794746329656877,0.8935677032530623,0.8522635407748705,0.67282880796303
sample-temp=1.5-top_p=0.8,1,0.53596145846182,0.5171717171219498,0.5230605171455479,0.6749245672042297,0.600074822247067,0.6280714817074051,0.4697114872286858,0.2860252502833956
sample-temp=1.5-top_p=0.8,2,0.6239064212977761,0.6049780380174876,0.6091743118766498,0.7525067642345551,0.6732922379673614,0.7162011172685756,0.5785910725127045,0.3823962939119395
sample-temp=1.5-top_p=0.8,3,0.6651534011363598,0.6424171310736225,0.6507603565310606,0.7806905370343741,0.7082540889572151,0.7589955021989809,0.6286861853434785,0.4392678868100377
sample-temp=1.5-top_p=0.8,4,0.691509364800833,0.6686286050119082,0.6788702928370608,0.7984632623159101,0.7336478387871623,0.7794311545931396,0.6643474593646486,0.4682080924400471
sample-temp=1.5-top_p=0.8,5,0.7114699711654513,0.6882615155518428,0.7005738131998904,0.8171082029502935,0.7503504523521745,0.7956176803429652,0.6880589163105576,0.4923202948548661
sample-temp=1.5-top_p=0.8,10,0.7592127404813306,0.7479723640233099,0.7442102523569846,0.8448275861568699,0.7993353782730884,0.8302822272574288,0.7475128285191198,0.5539393938930905
sample-temp=1.5-top_p=0.8,20,0.7925660349249071,0.7816091953522902,0.783924843373818,0.8614891913030549,0.8326478148600047,0.8528229664571941,0.7913115775851731,0.5970747344755553
sample-temp=1.5-top_p=0.8,30,0.8087346460799958,0.7971985383178182,0.7979139504063383,0.8735190521433758,0.8502440276920795,0.8630769230269261,0.8124547428904286,0.6158755484175645
sample-temp=1.5-top_p=0.8,40,0.81821502491057,0.8065893837205618,0.8074016157957254,0.8803459874559786,0.8587222007469959,0.868725868675862,0.8248145094311133,0.6300555114518858
sample-temp=1.5-top_p=0.8,50,0.823503649585173,0.8134351144537844,0.8155898508524579,0.8837954799948508,0.8622908622408408,0.8704383085037676,0.8317948717453078,0.6382306476622741
sample-temp=1.5-top_p=0.8,60,0.8279216830341671,0.8205756276290805,0.8207275581808566,0.8856455492683358,0.8667095942835268,0.8727764887357592,0.8376138339829502,0.6437143418769014
sample-temp=1.5-top_p=0.8,70,0.8323969353751619,0.8272894898085923,0.8250721216389941,0.8873938810968561,0.8719535782865364,0.8749758453606188,0.8428367054480479,0.6500294752917721
sample-temp=1.5-top_p=0.8,80,0.8359232508438377,0.8311768329752155,0.830971128558962,0.8897776355282792,0.8746935087898299,0.8778035575679323,0.8464365937833489,0.655030398070026
sample-temp=1.5-top_p=0.8,90,0.8383032543160441,0.8326656393952536,0.8349106203496239,0.8921992631247271,0.8766946416543052,0.8781902551704072,0.8494184859736426,0.6584362139444948
sample-temp=1.5-top_p=0.8,100,0.8399951402732978,0.8349693251033329,0.8370993168181452,0.8933376040499071,0.8781935483370763,0.8793804452549236,0.8509164968953745,0.6614481408528814
sample-temp=1.5-top_p=0.9,1,0.5007103865501714,0.4804239033943323,0.5037837837340111,0.6368480542047872,0.567073170681697,0.59802055571708,0.4236827810485009,0.2538906180104813
sample-temp=1.5-top_p=0.9,2,0.5942671394301178,0.5739540364851687,0.5827567854743343,0.7127401904876848,0.6542458808118403,0.6948674562388685,0.5377935026850356,0.3609054368076475
sample-temp=1.5-top_p=0.9,3,0.6452628729789655,0.6144256455422331,0.6275442769788944,0.7579731260629818,0.6994897958683508,0.7553030302530884,0.5988712596676763,0.4173080923201065
sample-temp=1.5-top_p=0.9,4,0.6777326939130699,0.6517189835075863,0.661139342020218,0.782891527027561,0.7230670926017392,0.7886519420673254,0.6389358107616079,0.4591439688257871
sample-temp=1.5-top_p=0.9,5,0.6980677515604072,0.6708670866586943,0.6805333332834599,0.7988300291992544,0.7456454917532597,0.8023632551434767,0.6630102309390753,0.4839959224820571
sample-temp=1.5-top_p=0.9,10,0.7556188045433762,0.731046931357953,0.7372340425032993,0.8440396811989692,0.7971758664454865,0.8428543950259795,0.7364007965128999,0.557981173596504
sample-temp=1.5-top_p=0.9,20,0.7981503229096526,0.7808136004357138,0.7835382148084985,0.8775675238057106,0.835257890635121,0.8689574839336743,0.7869226776879853,0.6158091858389643
sample-temp=1.5-top_p=0.9,30,0.818470404326012,0.8046327338725564,0.8084087279969405,0.8911564625350124,0.8531342514624,0.884353741446578,0.8092831355874236,0.6460038985880531
sample-temp=1.5-top_p=0.9,40,0.8321142968099102,0.8194401722046469,0.8182546036330703,0.899660688267959,0.866322580595141,0.8940719144300566,0.8264344261799336,0.6671820641193311
sample-temp=1.5-top_p=0.9,50,0.8416357964016958,0.8305504019289239,0.8294243069863627,0.9066537467200004,0.8788623141064125,0.8986801241735836,0.8353133960995403,0.6799923120798153
sample-temp=1.5-top_p=0.9,60,0.8481456244025858,0.8357010499808343,0.8357256777810408,0.909355307754144,0.8858435681464901,0.9029126213092036,0.8443401040638913,0.6895230798218659
sample-temp=1.5-top_p=0.9,70,0.853458553270007,0.8412895225785907,0.8403718458996302,0.9133247088762372,0.8900374724916521,0.907076205237692,0.8518179040139156,0.6956355282828756
sample-temp=1.5-top_p=0.9,80,0.8571845367845599,0.846393034775818,0.843418258973445,0.9159120309978412,0.8924508789572193,0.9105406456131434,0.8560983040023343,0.70192858501982
sample-temp=1.5-top_p=0.9,90,0.8608087091258683,0.8497827435874399,0.84895142017839,0.9190938510826624,0.8955610197506801,0.9127386053259,0.8597771022806114,0.7075399847196714
sample-temp=1.5-top_p=0.9,100,0.8644146003338358,0.8544776118902453,0.8531988319118646,0.9211336031888436,0.8987194411606909,0.9158222914542608,0.8639854486164226,0.7121673003321557
sample-temp=2.0-top_p=0.8,1,0.4470233138558682,0.4262090483119082,0.4092863284117803,0.5727715292433685,0.5238156705321497,0.5544156104911322,0.3725782413832034,0.2096774193150267
sample-temp=2.0-top_p=0.8,2,0.5545461524187764,0.5308027379711244,0.5173288249717872,0.6796084286873932,0.6234703078206535,0.6701010500787632,0.4932815102237859,0.3059033988849955
sample-temp=2.0-top_p=0.8,3,0.6083483834368819,0.5959183672969055,0.5701459034298345,0.7245896202451825,0.6642552641277405,0.7253007295890962,0.5614265397172913,0.3633187772496122
sample-temp=2.0-top_p=0.8,4,0.6447541814000322,0.6295597483776392,0.610815354391598,0.7555262289173598,0.6946771490671377,0.7603305784623677,0.6047982551312735,0.4053471323410515
sample-temp=2.0-top_p=0.8,5,0.671992718765223,0.6554096309693473,0.6365914786472459,0.7796442687247199,0.7233160621261524,0.7831063745305887,0.6374769697138758,0.4338533874319389
sample-temp=2.0-top_p=0.8,10,0.7373993325979457,0.7204736677592415,0.7050639954986263,0.8277786898203064,0.7892680385016982,0.826828789908786,0.7126658108196319,0.5301652892107261
sample-temp=2.0-top_p=0.8,20,0.7879905319049549,0.7801328692951085,0.75932017538893,0.8629641800354491,0.8325321553352023,0.8673469387254786,0.77121148158861,0.6039026352382004
sample-temp=2.0-top_p=0.8,30,0.8121251176818809,0.8031397173753854,0.7790856829505937,0.8807610299647631,0.852212274505584,0.886524822645001,0.8032120137164014,0.6394125818145863
sample-temp=2.0-top_p=0.8,40,0.8281500876413636,0.8198874295934772,0.7953438007082099,0.8953412072990831,0.8641847191094085,0.8964159117262551,0.8231384359252362,0.6631226618941906
sample-temp=2.0-top_p=0.8,50,0.8401540207825331,0.8324459755215127,0.8115625851698093,0.9010305904947356,0.8778210116231357,0.9047807190333306,0.8339544512962938,0.6834997063531602
sample-temp=2.0-top_p=0.8,60,0.8474350760848433,0.8389114794619914,0.8221258133992592,0.90543193712277,0.8835882809974294,0.9109575517762226,0.8433336775297732,0.6924127169410824
sample-temp=2.0-top_p=0.8,70,0.8534790420137588,0.8465408804530972,0.8286334055901482,0.9075465533639084,0.8883400493455409,0.9149062191010005,0.8504471168175567,0.7045807452940701
sample-temp=2.0-top_p=0.8,80,0.8590027019890057,0.8519333542410552,0.8361673413806985,0.9108134596036992,0.8936833896042622,0.918641390155335,0.8570843989273912,0.7119365447385918
sample-temp=2.0-top_p=0.8,90,0.8635839567758941,0.8580421781054454,0.8436147185649359,0.9136044422168536,0.8973492722992582,0.9202211689862984,0.861801875205162,0.720415624350916
sample-temp=2.0-top_p=0.8,100,0.8676589587790496,0.8635502210491357,0.8499594484498051,0.9166802543116376,0.901130310460574,0.922075359981528,0.8663472320841293,0.7250384024099277
sample-temp=2.0-top_p=0.9,1,0.3825553882068705,0.3718032786386447,0.3295657346333205,0.4485654303213061,0.4674666666167342,0.4725577452352591,0.3418444677156131,0.1766635426042494
sample-temp=2.0-top_p=0.9,2,0.4977497038593692,0.4878680038322863,0.4609557109068855,0.5828767122789912,0.5633690901367696,0.5941127694359989,0.4622876556713188,0.2746781115469204
sample-temp=2.0-top_p=0.9,3,0.556534890949047,0.5429487178987285,0.5201947865449872,0.6534450332892426,0.6156904319670029,0.6498046472870901,0.5227983906536902,0.3367909953228681
sample-temp=2.0-top_p=0.9,4,0.5945426194933907,0.585663773656221,0.5566361555572714,0.690878090316771,0.6489065605862228,0.681649484486148,0.5661674985651108,0.3810352326667082
sample-temp=2.0-top_p=0.9,5,0.6209981897619272,0.6095912455245293,0.584050487615852,0.7153210854043559,0.6706364959140408,0.7006395708186461,0.5968008824667381,0.4205347593143119
sample-temp=2.0-top_p=0.9,10,0.6960079788780124,0.6780952380452158,0.6642024452166215,0.7715531700272446,0.736217356847938,0.7780497755518154,0.6835057157923515,0.5140478667602298
sample-temp=2.0-top_p=0.9,20,0.7541430192466689,0.741236456291601,0.7192145862058454,0.8125208124708666,0.7813196903606059,0.8303858520400129,0.7520511453957919,0.6021809369488341
sample-temp=2.0-top_p=0.9,30,0.7839352584389063,0.773736723477528,0.7466442952525603,0.8367992014140325,0.8075511273752796,0.855649376709128,0.7864599809694425,0.6415169660211536
sample-temp=2.0-top_p=0.9,40,0.8035271424138377,0.797301638241039,0.7634529147487794,0.850999999950057,0.8267086448404684,0.8690763051708615,0.8089511659027699,0.6699526813409171
sample-temp=2.0-top_p=0.9,50,0.8164020502066139,0.8107588856368301,0.7737266907381327,0.8622814320899365,0.8379976349519797,0.879983890405077,0.8228428511386137,0.6896686923659878
sample-temp=2.0-top_p=0.9,60,0.8260349126685136,0.8187059576694017,0.783021502324167,0.8719654139839677,0.8480880041406765,0.884870403807724,0.833056478355888,0.7037757881969829
sample-temp=2.0-top_p=0.9,70,0.8337357794927502,0.8283151825252626,0.7933147631816962,0.8759342301443619,0.8560576292885732,0.8919678714359209,0.8390971215077986,0.7167473378033064
sample-temp=2.0-top_p=0.9,80,0.8395982497513973,0.8343479653456974,0.8006672226360472,0.880398671046388,0.8608889471114035,0.8955283737217815,0.845550278703346,0.7261858850274816
sample-temp=2.0-top_p=0.9,90,0.8451144999751131,0.839205637361905,0.807115063874875,0.8844237794252985,0.8674950947832222,0.9001005024625413,0.8511033202227141,0.7327950787680394
sample-temp=2.0-top_p=0.9,100,0.8498933478345845,0.8439306357881476,0.8121883656014053,0.8870834023708611,0.8730698769455495,0.902071184345716,0.8559662307751438,0.7419293218240564
sample-temp=3.0-top_p=0.7,1,0.2023869457886452,0.1948905109003871,0.16392384635595,0.2303892510888804,0.241514930759369,0.231609613936575,0.2037178507331333,0.102755026026938
sample-temp=3.0-top_p=0.7,2,0.296825304989867,0.2817502667599724,0.2582677164885045,0.3288525228434433,0.3473669187461207,0.3377591427421696,0.3022476095417946,0.1575109382237106
sample-temp=3.0-top_p=0.7,3,0.3553067519235293,0.356749311245311,0.3094789704488817,0.3821483770773232,0.4101983002338238,0.3939324292779011,0.3629201033650079,0.2094017093639867
sample-temp=3.0-top_p=0.7,4,0.4015614391921502,0.3982056590257913,0.3602133667555851,0.4247517188212175,0.4479955143883262,0.4508958947117863,0.4129771922950901,0.256470039597259
sample-temp=3.0-top_p=0.7,5,0.434944133244422,0.4290681501592838,0.3931677018159989,0.4457077884678784,0.4783464566433678,0.4904041543876602,0.4522686024950857,0.2964154411364747
sample-temp=3.0-top_p=0.7,10,0.5274816557736385,0.5086865878589159,0.4809815950443268,0.5270244996708688,0.5580545402934349,0.5935340021804497,0.5563786007762961,0.4056562085303546
sample-temp=3.0-top_p=0.7,20,0.6088325506423247,0.5892428913516351,0.5614567526075658,0.5889682975504424,0.6333613209691529,0.6691482373054909,0.6460237659487502,0.5122210414009953
sample-temp=3.0-top_p=0.7,30,0.6482788341915201,0.6306429548068098,0.5977636747781544,0.6231963469829375,0.664714903059244,0.7047826086461215,0.6881987577160787,0.569937369474778
sample-temp=3.0-top_p=0.7,40,0.675131652762044,0.659574468035591,0.6260504201198285,0.6433490394579195,0.689080300033687,0.7284510692958329,0.718537509705445,0.6024344955187348
sample-temp=3.0-top_p=0.7,50,0.6952287181182039,0.6819739547140043,0.6427289047990903,0.6616188930461415,0.7096684312682715,0.7498389520654378,0.7372609704390631,0.6261758690747858
sample-temp=3.0-top_p=0.7,60,0.7100087354250185,0.7024256917850756,0.6542000593163174,0.6786938480474829,0.7221224263700698,0.7623931623434594,0.7518104015314426,0.6427552475594648
sample-temp=3.0-top_p=0.7,70,0.7213712232766013,0.7128169978942628,0.664697193452162,0.6896054764414858,0.7317546045756993,0.7701810436137413,0.7650332859930394,0.6582843236204263
sample-temp=3.0-top_p=0.7,80,0.7308128045880466,0.7211440244652065,0.6723629934693435,0.7001983053410743,0.7398587843888974,0.7790326016975558,0.7754260283893241,0.6689571543595266
sample-temp=3.0-top_p=0.7,90,0.7392642069617544,0.7291311754188858,0.6808510637812158,0.7095263820865402,0.747544611929818,0.7863066127505948,0.7832666738242675,0.6798069186985115
sample-temp=3.0-top_p=0.7,100,0.7457226828521415,0.7347633639272417,0.6853270476826604,0.7136675080647314,0.7544976473347397,0.7914370495475163,0.7902670111483466,0.6901380275588801
sample-temp=3.0-top_p=0.8,1,0.1274158911537289,0.1320604613699359,0.1054120975880769,0.1304347825661389,0.1637146959797936,0.1277173912613721,0.1338748074121998,0.0647879904905547
sample-temp=3.0-top_p=0.8,2,0.2006096398883982,0.2082043343182811,0.1656314699360499,0.2028477546117707,0.230985915445385,0.2109971059802048,0.2224938874907002,0.1176168463994881
sample-temp=3.0-top_p=0.8,3,0.2519906322746585,0.2553516819097798,0.2153635116162514,0.2523686476734388,0.2811679282697197,0.2689032257611136,0.2798725437717798,0.1592340639632068
sample-temp=3.0-top_p=0.8,4,0.2927114419762163,0.2949695121476273,0.2509274873081043,0.2894514767482974,0.3179173046992016,0.3165613147452903,0.3259162303243897,0.199061496631287
sample-temp=3.0-top_p=0.8,5,0.3241229810561162,0.3370018974855954,0.2782081508481532,0.310598111182532,0.3473108477183379,0.3504273503810318,0.3616331820701329,0.2316865417018539
sample-temp=3.0-top_p=0.8,10,0.418456215654525,0.4249628528493224,0.357664233531586,0.3966976263731649,0.4312959903404023,0.4560546874527473,0.4696264620361112,0.3306017325765814
sample-temp=3.0-top_p=0.8,20,0.5032551892799412,0.5108575634407778,0.4363636363177268,0.4620316569357216,0.5009737827229408,0.5457618932149332,0.5632394193959525,0.4444943819810935
sample-temp=3.0-top_p=0.8,30,0.5442408830369864,0.5496350364478065,0.4818181817722693,0.4941883767066651,0.5376537653279685,0.5785476981010148,0.6099952175530473,0.4951669595355586
sample-temp=3.0-top_p=0.8,40,0.5715347879078578,0.5768115941542097,0.5033707864705359,0.5174464710075468,0.5640029872553034,0.6075180947449864,0.6366323755003178,0.5317443119826446
sample-temp=3.0-top_p=0.8,50,0.5924409179630609,0.5971769814930913,0.5258126194562989,0.5365369340275372,0.5795979150667013,0.6266294226703604,0.6613731900511163,0.5551494301863193
sample-temp=3.0-top_p=0.8,60,0.6102957777803935,0.6108303248609878,0.5436220471971479,0.5486234897527583,0.5972139892813693,0.6424918642007088,0.6828087166596782,0.5768822905176618
sample-temp=3.0-top_p=0.8,70,0.6241051123922916,0.6189276717755778,0.5565978736238782,0.5600158196086737,0.610865072286529,0.6578886578400532,0.6983035304430929,0.5926860024772949
sample-temp=3.0-top_p=0.8,80,0.6342978675293159,0.6296429858870287,0.5649045980135244,0.571259609651063,0.6189424067856759,0.6688102893403515,0.707239095636333,0.6070981210405385
sample-temp=3.0-top_p=0.8,90,0.643375781900334,0.6399132320553867,0.5736579275432894,0.5777166436939737,0.6265273074735299,0.6793490716908736,0.715245360307543,0.6212058211605933
sample-temp=3.0-top_p=0.8,100,0.6515358266250747,0.6480286737862337,0.5867078824872787,0.5859298451415987,0.6339811542502581,0.6853725850479053,0.7224429560198925,0.631208609226112
sample-temp=3.0-top_p=0.9,1,0.0703142166227567,0.0728265816630287,0.0644647830944,0.0664282064062027,0.0717522658222019,0.0735475895826918,0.086903491355598,0.0417710943811259
sample-temp=3.0-top_p=0.9,2,0.1227015811340609,0.1293752768752384,0.1108956959706154,0.1194921582925267,0.1290441855763302,0.127595546156853,0.1444742329135075,0.0766073871170833
sample-temp=3.0-top_p=0.9,3,0.1608121399101127,0.1739886906930072,0.1425833652375269,0.1499999999641104,0.1689274732809108,0.1623067776083592,0.1927605756303115,0.1046386191761524
sample-temp=3.0-top_p=0.9,4,0.1912336759837486,0.2065075921486474,0.1663487218249997,0.1746533689734756,0.1962600177670034,0.1898025345921787,0.2367218731790568,0.1261020571467177
sample-temp=3.0-top_p=0.9,5,0.2191658048569342,0.232235701864097,0.1971937807741749,0.2014492753252722,0.2171448812891861,0.2206613988494604,0.2721492157323315,0.1484808454146041
sample-temp=3.0-top_p=0.9,10,0.3069552398421696,0.3217427733116513,0.2696132596290701,0.2710900473548994,0.2979613172591039,0.3168934239956914,0.3779355543023651,0.234307496791429
sample-temp=3.0-top_p=0.9,20,0.3896844423866279,0.4108686701898528,0.3389953017302035,0.3190298507067003,0.3706070287088354,0.3971708378243128,0.4764281023874926,0.3455598455233629
sample-temp=3.0-top_p=0.9,30,0.4338498974984028,0.4553174281792804,0.374100719383503,0.3550624132746938,0.4093116730412628,0.4423913043048332,0.5232438016100562,0.404884922460306
sample-temp=3.0-top_p=0.9,40,0.4626528990833036,0.4810227726267886,0.4005743000306979,0.3786873999134396,0.4323870317034968,0.4704286488988646,0.5546775426534156,0.4450092421045372
sample-temp=3.0-top_p=0.9,50,0.4842351601351397,0.5027932960433362,0.4169054440848549,0.3952424519262511,0.4494344081940741,0.4905149051059171,0.5772624148790818,0.4786557674433509
sample-temp=3.0-top_p=0.9,60,0.5029041473929193,0.519138755934782,0.4298932383925658,0.4110025005271258,0.4683714669804312,0.5041745219064591,0.5964343597609821,0.5071813285043207
sample-temp=3.0-top_p=0.9,70,0.5157024792949405,0.5283320031462873,0.4432699083440271,0.4257918551621528,0.4782754010241076,0.5179240234982273,0.6092551348227506,0.5225706025819856
sample-temp=3.0-top_p=0.9,80,0.5266780343690922,0.5376088677288051,0.4566210045238745,0.434509099036989,0.4885699982859159,0.5275423728371094,0.6197148475458194,0.5377817056580554
sample-temp=3.0-top_p=0.9,90,0.5367869256416717,0.5440251571861295,0.4640729056708339,0.4432480932734293,0.4978441127237775,0.5344236348803963,0.6329021234595831,0.550438596448484
sample-temp=3.0-top_p=0.9,100,0.5456666563886269,0.5560327996408293,0.4707927676900854,0.4494080857295262,0.506219936925603,0.5422664223577413,0.6434212124437729,0.5600698994764906
