step,epoch,loss,grad_norm,learning_rate,eval_mit-movie,eval_mit-restaurant,eval_crossner_ai,eval_crossner_literature,eval_crossner_music,eval_crossner_politics,eval_crossner_science,eval_average,eval_runtime,eval_samples_per_second,eval_steps_per_second,train_runtime,train_samples_per_second,train_steps_per_second,total_flos,total_pflos,train_loss
10,0.012,1.4882,5.358109474182129,1.9247831797550143e-05,,,,,,,,,,,,,,,,,
20,0.024,0.8414,1.6339960098266602,2.5042006520107698e-05,,,,,,,,,,,,,,,,,
30,0.036,0.496,0.6731671690940857,2.8431381455430285e-05,,,,,,,,,,,,,,,,,
40,0.048,0.3262,0.41352856159210205,3.083618124266526e-05,,,,,,,,,,,,,,,,,
50,0.061,0.2533,0.3313049077987671,3.2701488872542726e-05,,,,,,,,,,,,,,,,,
60,0.073,0.208,0.26656574010849,3.422555617798784e-05,,,,,,,,,,,,,,,,,
70,0.085,0.1881,0.22375409305095673,3.551413672418386e-05,,,,,,,,,,,,,,,,,
80,0.097,0.1708,0.21253815293312073,3.663035596522281e-05,,,,,,,,,,,,,,,,,
90,0.109,0.1556,0.20883306860923767,3.761493111331042e-05,,,,,,,,,,,,,,,,,
100,0.121,0.1452,0.20332154631614685,3.849566359510029e-05,,,,,,,,,,,,,,,,,
110,0.133,0.1362,0.21292318403720856,3.929238303667475e-05,,,,,,,,,,,,,,,,,
120,0.145,0.126,0.14893268048763275,4.00197309005454e-05,,,,,,,,,,,,,,,,,
130,0.158,0.1224,0.1733086258172989,4.0688826074751274e-05,,,,,,,,,,,,,,,,,
140,0.17,0.1174,0.1405373513698578,4.130831144674141e-05,,,,,,,,,,,,,,,,,
150,0.182,0.1156,0.1745702475309372,4.188503853042287e-05,,,,,,,,,,,,,,,,,
160,0.194,0.1104,0.16818615794181824,4.2424530687780374e-05,,,,,,,,,,,,,,,,,
170,0.206,0.1071,0.1589624434709549,4.293130567171616e-05,,,,,,,,,,,,,,,,,
180,0.218,0.1048,0.15653036534786224,4.340910583586798e-05,,,,,,,,,,,,,,,,,
190,0.23,0.1017,0.15203262865543365,4.386106601920175e-05,,,,,,,,,,,,,,,,,
200,0.242,0.0951,0.13768713176250458,4.428983831765784e-05,,,,,,,,,,,,,,,,,
210,0.255,0.0969,0.15987958014011383,4.4697686382063995e-05,,,,,,,,,,,,,,,,,
220,0.267,0.0922,0.1441294252872467,4.508655775923231e-05,,,,,,,,,,,,,,,,,
230,0.279,0.0953,0.13138867914676666,4.5458140139258715e-05,,,,,,,,,,,,,,,,,
240,0.291,0.0915,0.12985089421272278,4.5813905623102954e-05,,,,,,,,,,,,,,,,,
250,0.303,0.0881,0.1314067542552948,4.615514594753531e-05,,,,,,,,,,,,,,,,,
260,0.315,0.0895,0.14694607257843018,4.6483000797308836e-05,,,,,,,,,,,,,,,,,
270,0.327,0.0884,0.19760403037071228,4.679848077119056e-05,,,,,,,,,,,,,,,,,
280,0.339,0.0832,0.12140078842639923,4.710248616929897e-05,,,,,,,,,,,,,,,,,
290,0.352,0.0821,0.11746981739997864,4.7395822482183336e-05,,,,,,,,,,,,,,,,,
300,0.364,0.0829,0.11700793355703354,4.767921325298042e-05,,,,,,,,,,,,,,,,,
310,0.376,0.0842,0.11699654906988144,4.795331082978169e-05,,,,,,,,,,,,,,,,,
320,0.388,0.0779,0.12511137127876282,4.8218705410337935e-05,,,,,,,,,,,,,,,,,
330,0.4,0.0805,0.1278281807899475,4.847593269455489e-05,,,,,,,,,,,,,,,,,
340,0.412,0.0761,0.11903435736894608,4.872548039427372e-05,,,,,,,,,,,,,,,,,
350,0.424,0.0787,0.13028296828269958,4.8967793799176436e-05,,,,,,,,,,,,,,,,,
360,0.436,0.0769,0.1335398554801941,4.920328055842554e-05,,,,,,,,,,,,,,,,,
370,0.448,0.0772,0.10725122690200806,4.94323148070198e-05,,,,,,,,,,,,,,,,,
380,0.461,0.0736,0.12249048054218292,4.965524074175931e-05,,,,,,,,,,,,,,,,,
390,0.473,0.075,0.10998427122831345,4.9872375732631416e-05,,,,,,,,,,,,,,,,,
400,0.485,0.0746,0.12691424787044525,5e-05,,,,,,,,,,,,,,,,,
410,0.497,0.0712,0.12386798858642578,5e-05,,,,,,,,,,,,,,,,,
412,0.499,,,,0.2214650766124521,0.1495934958937786,0.3949191685417675,0.4646781789138469,0.45251191780842015,0.476118271367884,0.5906234895590944,0.3928442283853205,184.8325,7.574,0.238,,,,,,
420,0.509,0.0711,0.09934543073177338,5e-05,,,,,,,,,,,,,,,,,
430,0.521,0.073,0.10961008071899414,5e-05,,,,,,,,,,,,,,,,,
440,0.533,0.0722,0.16054664552211761,5e-05,,,,,,,,,,,,,,,,,
450,0.545,0.0682,0.11059322208166122,5e-05,,,,,,,,,,,,,,,,,
460,0.558,0.069,0.10574108362197876,5e-05,,,,,,,,,,,,,,,,,
470,0.57,0.0679,0.1041017547249794,5e-05,,,,,,,,,,,,,,,,,
480,0.582,0.0694,0.10415623337030411,5e-05,,,,,,,,,,,,,,,,,
490,0.594,0.0687,0.11521194875240326,5e-05,,,,,,,,,,,,,,,,,
500,0.606,0.0687,0.1212887242436409,5e-05,,,,,,,,,,,,,,,,,
510,0.618,0.068,0.13688521087169647,5e-05,,,,,,,,,,,,,,,,,
520,0.63,0.0653,0.13469552993774414,5e-05,,,,,,,,,,,,,,,,,
530,0.642,0.0644,0.10903676599264145,5e-05,,,,,,,,,,,,,,,,,
540,0.655,0.0643,0.10385646671056747,5e-05,,,,,,,,,,,,,,,,,
550,0.667,0.0684,0.11314034461975098,5e-05,,,,,,,,,,,,,,,,,
560,0.679,0.0653,0.0909644216299057,5e-05,,,,,,,,,,,,,,,,,
570,0.691,0.0649,0.11111139506101608,5e-05,,,,,,,,,,,,,,,,,
580,0.703,0.0642,0.095867820084095,5e-05,,,,,,,,,,,,,,,,,
590,0.715,0.065,0.10101403295993805,5e-05,,,,,,,,,,,,,,,,,
600,0.727,0.064,0.0934642106294632,5e-05,,,,,,,,,,,,,,,,,
610,0.739,0.0635,0.12194236367940903,5e-05,,,,,,,,,,,,,,,,,
620,0.752,0.0624,0.0954059436917305,5e-05,,,,,,,,,,,,,,,,,
630,0.764,0.0624,0.09473225474357605,5e-05,,,,,,,,,,,,,,,,,
640,0.776,0.0606,0.1131301000714302,5e-05,,,,,,,,,,,,,,,,,
650,0.788,0.0625,0.09519262611865997,5e-05,,,,,,,,,,,,,,,,,
660,0.8,0.0616,0.08569296449422836,5e-05,,,,,,,,,,,,,,,,,
670,0.812,0.0619,0.09479013085365295,5e-05,,,,,,,,,,,,,,,,,
680,0.824,0.0612,0.1064244955778122,5e-05,,,,,,,,,,,,,,,,,
690,0.836,0.0608,0.07911773771047592,5e-05,,,,,,,,,,,,,,,,,
700,0.848,0.0615,0.08976616710424423,5e-05,,,,,,,,,,,,,,,,,
710,0.861,0.0614,0.10450168699026108,5e-05,,,,,,,,,,,,,,,,,
720,0.873,0.0594,0.0927242562174797,5e-05,,,,,,,,,,,,,,,,,
730,0.885,0.0601,0.09955785423517227,5e-05,,,,,,,,,,,,,,,,,
740,0.897,0.0586,0.09697864949703217,5e-05,,,,,,,,,,,,,,,,,
750,0.909,0.0598,0.091134212911129,5e-05,,,,,,,,,,,,,,,,,
760,0.921,0.0598,0.074586421251297,5e-05,,,,,,,,,,,,,,,,,
770,0.933,0.0593,0.10346662253141403,5e-05,,,,,,,,,,,,,,,,,
780,0.945,0.0563,0.10757414996623993,5e-05,,,,,,,,,,,,,,,,,
790,0.958,0.0602,0.09133322536945343,5e-05,,,,,,,,,,,,,,,,,
800,0.97,0.0592,0.11533208191394806,5e-05,,,,,,,,,,,,,,,,,
810,0.982,0.0566,0.09862499684095383,5e-05,,,,,,,,,,,,,,,,,
820,0.994,0.0569,0.08622173219919205,5e-05,,,,,,,,,,,,,,,,,
825,1.0,,,,0.33445945941071664,0.205546492618051,0.44760213138903654,0.5153970826079992,0.581763375986178,0.550736497494974,0.6433637284202978,0.46840982398960757,181.0486,7.733,0.243,,,,,,
830,1.006,0.0557,0.07506363838911057,5e-05,,,,,,,,,,,,,,,,,
840,1.018,0.0545,0.08825799077749252,5e-05,,,,,,,,,,,,,,,,,
850,1.03,0.0586,0.10741974413394928,5e-05,,,,,,,,,,,,,,,,,
860,1.042,0.056,0.10037298500537872,5e-05,,,,,,,,,,,,,,,,,
870,1.055,0.0567,0.09135385602712631,5e-05,,,,,,,,,,,,,,,,,
880,1.067,0.0558,0.08154728263616562,5e-05,,,,,,,,,,,,,,,,,
890,1.079,0.057,0.14403140544891357,5e-05,,,,,,,,,,,,,,,,,
900,1.091,0.0544,0.101164311170578,5e-05,,,,,,,,,,,,,,,,,
910,1.103,0.0543,0.09333418309688568,5e-05,,,,,,,,,,,,,,,,,
920,1.115,0.0563,0.10061302781105042,5e-05,,,,,,,,,,,,,,,,,
930,1.127,0.0566,0.11628545820713043,5e-05,,,,,,,,,,,,,,,,,
940,1.139,0.0554,0.0954061821103096,5e-05,,,,,,,,,,,,,,,,,
950,1.152,0.0538,0.09642103314399719,5e-05,,,,,,,,,,,,,,,,,
960,1.164,0.0541,0.09074755012989044,5e-05,,,,,,,,,,,,,,,,,
970,1.176,0.0524,0.09849300235509872,5e-05,,,,,,,,,,,,,,,,,
980,1.188,0.0539,0.09329146146774292,5e-05,,,,,,,,,,,,,,,,,
990,1.2,0.0551,0.07465685904026031,5e-05,,,,,,,,,,,,,,,,,
1000,1.212,0.0528,0.08296137303113937,5e-05,,,,,,,,,,,,,,,,,
1010,1.224,0.0541,0.07476802170276642,5e-05,,,,,,,,,,,,,,,,,
1020,1.236,0.0533,0.0847131609916687,5e-05,,,,,,,,,,,,,,,,,
1030,1.248,0.0551,0.0793207511305809,5e-05,,,,,,,,,,,,,,,,,
1040,1.261,0.0541,0.0765819177031517,5e-05,,,,,,,,,,,,,,,,,
1050,1.273,0.0527,0.09639269858598709,5e-05,,,,,,,,,,,,,,,,,
1060,1.285,0.052,0.09157058596611023,5e-05,,,,,,,,,,,,,,,,,
1070,1.297,0.0532,0.09249702095985413,5e-05,,,,,,,,,,,,,,,,,
1080,1.309,0.052,0.09678298234939575,5e-05,,,,,,,,,,,,,,,,,
1090,1.321,0.0536,0.1699409782886505,5e-05,,,,,,,,,,,,,,,,,
1100,1.333,0.0539,0.08599656075239182,5e-05,,,,,,,,,,,,,,,,,
1110,1.345,0.052,0.12967005372047424,5e-05,,,,,,,,,,,,,,,,,
1120,1.358,0.0545,0.11296240240335464,5e-05,,,,,,,,,,,,,,,,,
1130,1.37,0.0525,0.0939975306391716,5e-05,,,,,,,,,,,,,,,,,
1140,1.382,0.0534,0.09085307270288467,5e-05,,,,,,,,,,,,,,,,,
1150,1.394,0.0531,0.09155338257551193,5e-05,,,,,,,,,,,,,,,,,
1160,1.406,0.0532,0.10561306774616241,5e-05,,,,,,,,,,,,,,,,,
1170,1.418,0.0514,0.09230254590511322,5e-05,,,,,,,,,,,,,,,,,
1180,1.43,0.0513,0.11574460566043854,5e-05,,,,,,,,,,,,,,,,,
1190,1.442,0.0512,0.11148034036159515,5e-05,,,,,,,,,,,,,,,,,
1200,1.455,0.0527,0.10642797499895096,5e-05,,,,,,,,,,,,,,,,,
1210,1.467,0.0491,0.09853648394346237,5e-05,,,,,,,,,,,,,,,,,
1220,1.479,0.0499,0.06842347234487534,5e-05,,,,,,,,,,,,,,,,,
1230,1.491,0.0506,0.08990688621997833,5e-05,,,,,,,,,,,,,,,,,
1238,1.501,,,,0.40661157019878647,0.2285714285262986,0.46747265395171483,0.5213167835441448,0.6114790286475293,0.5596107055460633,0.6596066565311538,0.4935241181350988,181.1028,7.73,0.243,,,,,,
1240,1.503,0.0509,0.08514375984668732,5e-05,,,,,,,,,,,,,,,,,
1250,1.515,0.0511,0.07549040019512177,5e-05,,,,,,,,,,,,,,,,,
1260,1.527,0.0493,0.08021619915962219,5e-05,,,,,,,,,,,,,,,,,
1270,1.539,0.0498,0.08386219292879105,5e-05,,,,,,,,,,,,,,,,,
1280,1.552,0.0493,0.08482541143894196,5e-05,,,,,,,,,,,,,,,,,
1290,1.564,0.0506,0.08324302732944489,5e-05,,,,,,,,,,,,,,,,,
1300,1.576,0.0489,0.08324594795703888,5e-05,,,,,,,,,,,,,,,,,
1310,1.588,0.0499,0.08920013159513474,5e-05,,,,,,,,,,,,,,,,,
1320,1.6,0.0502,0.07586076110601425,5e-05,,,,,,,,,,,,,,,,,
1330,1.612,0.0489,0.0826391726732254,5e-05,,,,,,,,,,,,,,,,,
1340,1.624,0.0494,0.08977192640304565,5e-05,,,,,,,,,,,,,,,,,
1350,1.636,0.0505,0.08523572981357574,5e-05,,,,,,,,,,,,,,,,,
1360,1.648,0.0494,0.08612851798534393,5e-05,,,,,,,,,,,,,,,,,
1370,1.661,0.0489,0.08007679879665375,5e-05,,,,,,,,,,,,,,,,,
1380,1.673,0.05,0.0903109684586525,5e-05,,,,,,,,,,,,,,,,,
1390,1.685,0.047,0.09063483029603958,5e-05,,,,,,,,,,,,,,,,,
1400,1.697,0.0499,0.13020537793636322,5e-05,,,,,,,,,,,,,,,,,
1410,1.709,0.047,0.09135056287050247,5e-05,,,,,,,,,,,,,,,,,
1420,1.721,0.0475,0.06203719973564148,5e-05,,,,,,,,,,,,,,,,,
1430,1.733,0.0483,0.08933143317699432,5e-05,,,,,,,,,,,,,,,,,
1440,1.745,0.0494,0.07875001430511475,5e-05,,,,,,,,,,,,,,,,,
1450,1.758,0.0474,0.09399525076150894,5e-05,,,,,,,,,,,,,,,,,
1460,1.77,0.0485,0.08397214859724045,5e-05,,,,,,,,,,,,,,,,,
1470,1.782,0.0482,0.07230775058269501,5e-05,,,,,,,,,,,,,,,,,
1480,1.794,0.0464,0.06521061062812805,5e-05,,,,,,,,,,,,,,,,,
1490,1.806,0.047,0.06437073647975922,5e-05,,,,,,,,,,,,,,,,,
1500,1.818,0.0478,0.0760503038764,5e-05,,,,,,,,,,,,,,,,,
1510,1.83,0.0462,0.08893052488565445,5e-05,,,,,,,,,,,,,,,,,
1520,1.842,0.0484,0.07014983892440796,5e-05,,,,,,,,,,,,,,,,,
1530,1.855,0.0494,0.09423769265413284,5e-05,,,,,,,,,,,,,,,,,
1540,1.867,0.0488,0.09059064090251923,5e-05,,,,,,,,,,,,,,,,,
1550,1.879,0.0461,0.06469394266605377,5e-05,,,,,,,,,,,,,,,,,
1560,1.891,0.0496,0.08528628200292587,5e-05,,,,,,,,,,,,,,,,,
1570,1.903,0.0482,0.11270381510257721,5e-05,,,,,,,,,,,,,,,,,
1580,1.915,0.0479,0.08370675146579742,5e-05,,,,,,,,,,,,,,,,,
1590,1.927,0.048,0.0817037895321846,5e-05,,,,,,,,,,,,,,,,,
1600,1.939,0.0487,0.09363852441310883,5e-05,,,,,,,,,,,,,,,,,
1610,1.952,0.0473,0.09664423763751984,5e-05,,,,,,,,,,,,,,,,,
1620,1.964,0.0475,0.08260513842105865,5e-05,,,,,,,,,,,,,,,,,
1630,1.976,0.0474,0.07404216378927231,5e-05,,,,,,,,,,,,,,,,,
1640,1.988,0.0472,0.12480274587869644,5e-05,,,,,,,,,,,,,,,,,
1650,2.0,0.0453,0.07754496484994888,5e-05,,,,,,,,,,,,,,,,,
1650,2.0,,,,0.41853035138808853,0.24369747894403918,0.4779661016456764,0.5631691648321797,0.6751269035032532,0.5410094636723791,0.6716049382219833,0.5130149146010856,178.6829,7.835,0.246,,,,,,
1660,2.012,0.0421,0.07427237927913666,5e-05,,,,,,,,,,,,,,,,,
1670,2.024,0.0458,0.07923904061317444,5e-05,,,,,,,,,,,,,,,,,
1680,2.036,0.0474,0.09703698009252548,5e-05,,,,,,,,,,,,,,,,,
1690,2.048,0.0447,0.06358741223812103,5e-05,,,,,,,,,,,,,,,,,
1700,2.061,0.0456,0.07221505790948868,5e-05,,,,,,,,,,,,,,,,,
1710,2.073,0.0464,0.09637822955846786,5e-05,,,,,,,,,,,,,,,,,
1720,2.085,0.0454,0.09828494489192963,5e-05,,,,,,,,,,,,,,,,,
1730,2.097,0.0457,0.06798900663852692,5e-05,,,,,,,,,,,,,,,,,
1740,2.109,0.0454,0.07167916744947433,5e-05,,,,,,,,,,,,,,,,,
1750,2.121,0.0433,0.07200391590595245,5e-05,,,,,,,,,,,,,,,,,
1760,2.133,0.0447,0.05417374148964882,5e-05,,,,,,,,,,,,,,,,,
1770,2.145,0.0464,0.10519275069236755,5e-05,,,,,,,,,,,,,,,,,
1780,2.158,0.0456,0.08232855051755905,5e-05,,,,,,,,,,,,,,,,,
1790,2.17,0.0466,0.1325482726097107,5e-05,,,,,,,,,,,,,,,,,
1800,2.182,0.0443,0.11347032338380814,5e-05,,,,,,,,,,,,,,,,,
1810,2.194,0.0456,0.08325760066509247,5e-05,,,,,,,,,,,,,,,,,
1820,2.206,0.0441,0.0727292150259018,5e-05,,,,,,,,,,,,,,,,,
1830,2.218,0.0458,0.09567947685718536,5e-05,,,,,,,,,,,,,,,,,
1840,2.23,0.0441,0.07671736180782318,5e-05,,,,,,,,,,,,,,,,,
1850,2.242,0.0452,0.0665915235877037,5e-05,,,,,,,,,,,,,,,,,
1860,2.255,0.0461,0.07564808428287506,5e-05,,,,,,,,,,,,,,,,,
1870,2.267,0.0437,0.06883414089679718,5e-05,,,,,,,,,,,,,,,,,
1880,2.279,0.0439,0.10898903757333755,5e-05,,,,,,,,,,,,,,,,,
1890,2.291,0.0449,0.09183120727539062,5e-05,,,,,,,,,,,,,,,,,
1900,2.303,0.0438,0.08221272379159927,5e-05,,,,,,,,,,,,,,,,,
1910,2.315,0.0458,0.06193498522043228,5e-05,,,,,,,,,,,,,,,,,
1920,2.327,0.0443,0.08577597141265869,5e-05,,,,,,,,,,,,,,,,,
1930,2.339,0.0446,0.08454864472150803,5e-05,,,,,,,,,,,,,,,,,
1940,2.352,0.044,0.08706922829151154,5e-05,,,,,,,,,,,,,,,,,
1950,2.364,0.0438,0.09501872956752777,5e-05,,,,,,,,,,,,,,,,,
1960,2.376,0.0442,0.07769583910703659,5e-05,,,,,,,,,,,,,,,,,
1970,2.388,0.0437,0.07782437652349472,5e-05,,,,,,,,,,,,,,,,,
1980,2.4,0.0446,0.0769883319735527,5e-05,,,,,,,,,,,,,,,,,
1990,2.412,0.0443,0.08764037489891052,5e-05,,,,,,,,,,,,,,,,,
2000,2.424,0.0449,0.08878585696220398,5e-05,,,,,,,,,,,,,,,,,
2010,2.436,0.0428,0.10481436550617218,5e-05,,,,,,,,,,,,,,,,,
2020,2.448,0.0427,0.060786064714193344,5e-05,,,,,,,,,,,,,,,,,
2030,2.461,0.043,0.06663433462381363,5e-05,,,,,,,,,,,,,,,,,
2040,2.473,0.044,0.07151610404253006,5e-05,,,,,,,,,,,,,,,,,
2050,2.485,0.0446,0.07563373446464539,5e-05,,,,,,,,,,,,,,,,,
2060,2.497,0.0436,0.07814832031726837,5e-05,,,,,,,,,,,,,,,,,
2062,2.499,,,,0.4835526315296978,0.2448377580662007,0.4971031285715876,0.5728207904210102,0.6729857819404724,0.5824394119483753,0.6797781139189479,0.5333596594851846,180.8329,7.742,0.243,,,,,,
2070,2.509,0.0421,0.08624729514122009,5e-05,,,,,,,,,,,,,,,,,
2080,2.521,0.0435,0.0812230184674263,5e-05,,,,,,,,,,,,,,,,,
2090,2.533,0.043,0.09460409730672836,5e-05,,,,,,,,,,,,,,,,,
2100,2.545,0.0418,0.07228704541921616,5e-05,,,,,,,,,,,,,,,,,
2110,2.558,0.0438,0.07949905842542648,5e-05,,,,,,,,,,,,,,,,,
2120,2.57,0.0437,0.09532050043344498,5e-05,,,,,,,,,,,,,,,,,
2130,2.582,0.0437,0.07193491607904434,5e-05,,,,,,,,,,,,,,,,,
2140,2.594,0.0435,0.06239589303731918,5e-05,,,,,,,,,,,,,,,,,
2150,2.606,0.0427,0.06461455672979355,5e-05,,,,,,,,,,,,,,,,,
2160,2.618,0.0432,0.07046541571617126,5e-05,,,,,,,,,,,,,,,,,
2170,2.63,0.0454,0.09553398191928864,5e-05,,,,,,,,,,,,,,,,,
2180,2.642,0.0425,0.08069322258234024,5e-05,,,,,,,,,,,,,,,,,
2190,2.655,0.0431,0.07641202956438065,5e-05,,,,,,,,,,,,,,,,,
2200,2.667,0.0438,0.07096680253744125,5e-05,,,,,,,,,,,,,,,,,
2210,2.679,0.0423,0.07734876871109009,5e-05,,,,,,,,,,,,,,,,,
2220,2.691,0.0441,0.08294349908828735,5e-05,,,,,,,,,,,,,,,,,
2230,2.703,0.0437,0.0717867910861969,5e-05,,,,,,,,,,,,,,,,,
2240,2.715,0.0428,0.0553445927798748,5e-05,,,,,,,,,,,,,,,,,
2250,2.727,0.0437,0.0850331112742424,5e-05,,,,,,,,,,,,,,,,,
2260,2.739,0.0443,0.06969761103391647,5e-05,,,,,,,,,,,,,,,,,
2270,2.752,0.0422,0.08311280608177185,5e-05,,,,,,,,,,,,,,,,,
2280,2.764,0.0435,0.11171378940343857,5e-05,,,,,,,,,,,,,,,,,
2290,2.776,0.0427,0.08757985383272171,5e-05,,,,,,,,,,,,,,,,,
2300,2.788,0.0434,0.06673695147037506,5e-05,,,,,,,,,,,,,,,,,
2310,2.8,0.0424,0.06368549168109894,5e-05,,,,,,,,,,,,,,,,,
2320,2.812,0.0443,0.05739419162273407,5e-05,,,,,,,,,,,,,,,,,
2330,2.824,0.0424,0.06794758141040802,5e-05,,,,,,,,,,,,,,,,,
2340,2.836,0.0417,0.07957623153924942,5e-05,,,,,,,,,,,,,,,,,
2350,2.848,0.0425,0.13140133023262024,5e-05,,,,,,,,,,,,,,,,,
2360,2.861,0.0418,0.04878664016723633,5e-05,,,,,,,,,,,,,,,,,
2370,2.873,0.0411,0.053701795637607574,5e-05,,,,,,,,,,,,,,,,,
2380,2.885,0.0418,0.06813230365514755,5e-05,,,,,,,,,,,,,,,,,
2390,2.897,0.0426,0.07126292586326599,5e-05,,,,,,,,,,,,,,,,,
2400,2.909,0.0437,0.0644945278763771,5e-05,,,,,,,,,,,,,,,,,
2410,2.921,0.0418,0.07702095806598663,5e-05,,,,,,,,,,,,,,,,,
2420,2.933,0.0427,0.07659123837947845,5e-05,,,,,,,,,,,,,,,,,
2430,2.945,0.042,0.08892839401960373,5e-05,,,,,,,,,,,,,,,,,
2440,2.958,0.0432,0.06907590478658676,5e-05,,,,,,,,,,,,,,,,,
2450,2.97,0.0415,0.08980415016412735,5e-05,,,,,,,,,,,,,,,,,
2460,2.982,0.0417,0.09089750051498413,5e-05,,,,,,,,,,,,,,,,,
2470,2.994,0.0429,0.0854496881365776,5e-05,,,,,,,,,,,,,,,,,
2475,3.0,,,,0.43987341767180094,0.2719780219299583,0.509401709352374,0.5905895077920479,0.7010533962449015,0.5602553870209901,0.6549648946343083,0.5325880478066259,182.2515,7.682,0.241,,,,,,
2480,3.006,0.0391,0.0842101126909256,5e-05,,,,,,,,,,,,,,,,,
2490,3.018,0.0391,0.06636172533035278,5e-05,,,,,,,,,,,,,,,,,
2500,3.03,0.0417,0.07466240227222443,5e-05,,,,,,,,,,,,,,,,,
2510,3.042,0.0418,0.08559631556272507,5e-05,,,,,,,,,,,,,,,,,
2520,3.055,0.0412,0.08255013078451157,5e-05,,,,,,,,,,,,,,,,,
2530,3.067,0.0407,0.08741597831249237,5e-05,,,,,,,,,,,,,,,,,
2540,3.079,0.0398,0.06244684383273125,5e-05,,,,,,,,,,,,,,,,,
2550,3.091,0.0381,0.08564703911542892,5e-05,,,,,,,,,,,,,,,,,
2560,3.103,0.0411,0.09772548824548721,5e-05,,,,,,,,,,,,,,,,,
2570,3.115,0.0406,0.0718623697757721,5e-05,,,,,,,,,,,,,,,,,
2580,3.127,0.0404,0.0665668249130249,5e-05,,,,,,,,,,,,,,,,,
2590,3.139,0.0403,0.07045790553092957,5e-05,,,,,,,,,,,,,,,,,
2600,3.152,0.0407,0.08887185901403427,5e-05,,,,,,,,,,,,,,,,,
2610,3.164,0.0395,0.0811692476272583,5e-05,,,,,,,,,,,,,,,,,
2620,3.176,0.0391,0.05754133686423302,5e-05,,,,,,,,,,,,,,,,,
2630,3.188,0.0407,0.07979689538478851,5e-05,,,,,,,,,,,,,,,,,
2640,3.2,0.0393,0.06849045306444168,5e-05,,,,,,,,,,,,,,,,,
2650,3.212,0.0413,0.05712805688381195,5e-05,,,,,,,,,,,,,,,,,
2660,3.224,0.0407,0.05532210320234299,5e-05,,,,,,,,,,,,,,,,,
2670,3.236,0.0411,0.05899899825453758,5e-05,,,,,,,,,,,,,,,,,
2680,3.248,0.039,0.06966818869113922,5e-05,,,,,,,,,,,,,,,,,
2690,3.261,0.0398,0.07438530027866364,5e-05,,,,,,,,,,,,,,,,,
2700,3.273,0.0409,0.09507931768894196,5e-05,,,,,,,,,,,,,,,,,
2710,3.285,0.0408,0.09868534654378891,5e-05,,,,,,,,,,,,,,,,,
2720,3.297,0.0401,0.05859387293457985,5e-05,,,,,,,,,,,,,,,,,
2730,3.309,0.0398,0.07238762825727463,5e-05,,,,,,,,,,,,,,,,,
2740,3.321,0.0403,0.06624095886945724,5e-05,,,,,,,,,,,,,,,,,
2750,3.333,0.0405,0.08616871386766434,5e-05,,,,,,,,,,,,,,,,,
2760,3.345,0.0403,0.06872053444385529,5e-05,,,,,,,,,,,,,,,,,
2770,3.358,0.0394,0.09089934825897217,5e-05,,,,,,,,,,,,,,,,,
2780,3.37,0.0412,0.06782577931880951,5e-05,,,,,,,,,,,,,,,,,
2790,3.382,0.0392,0.07409590482711792,5e-05,,,,,,,,,,,,,,,,,
2800,3.394,0.0384,0.07203508913516998,5e-05,,,,,,,,,,,,,,,,,
2810,3.406,0.0391,0.09207011014223099,5e-05,,,,,,,,,,,,,,,,,
2820,3.418,0.0386,0.08980891853570938,5e-05,,,,,,,,,,,,,,,,,
2830,3.43,0.0402,0.08398833870887756,5e-05,,,,,,,,,,,,,,,,,
2840,3.442,0.0402,0.07383430749177933,5e-05,,,,,,,,,,,,,,,,,
2850,3.455,0.0405,0.06089550629258156,5e-05,,,,,,,,,,,,,,,,,
2860,3.467,0.0391,0.0648462250828743,5e-05,,,,,,,,,,,,,,,,,
2870,3.479,0.0407,0.09187211096286774,5e-05,,,,,,,,,,,,,,,,,
2880,3.491,0.0379,0.07318177074193954,5e-05,,,,,,,,,,,,,,,,,
2888,3.501,,,,0.47557003252390107,0.2666666666194642,0.520047169761661,0.5808219177582354,0.7213712618026097,0.5783132529620024,0.6659815004639719,0.5441102574131208,177.6249,7.882,0.248,,,,,,
2890,3.503,0.0403,0.06833403557538986,5e-05,,,,,,,,,,,,,,,,,
2900,3.515,0.0403,0.06407193094491959,5e-05,,,,,,,,,,,,,,,,,
2910,3.527,0.04,0.06297025829553604,5e-05,,,,,,,,,,,,,,,,,
2920,3.539,0.0396,0.07633516192436218,5e-05,,,,,,,,,,,,,,,,,
2930,3.552,0.0389,0.06964130699634552,5e-05,,,,,,,,,,,,,,,,,
2940,3.564,0.0398,0.07784280180931091,5e-05,,,,,,,,,,,,,,,,,
2950,3.576,0.0399,0.0593370757997036,5e-05,,,,,,,,,,,,,,,,,
2960,3.588,0.0394,0.08644099533557892,5e-05,,,,,,,,,,,,,,,,,
2970,3.6,0.0396,0.06148502230644226,5e-05,,,,,,,,,,,,,,,,,
2980,3.612,0.04,0.06464838981628418,5e-05,,,,,,,,,,,,,,,,,
2990,3.624,0.0392,0.06967975944280624,5e-05,,,,,,,,,,,,,,,,,
3000,3.636,0.039,0.060108255594968796,5e-05,,,,,,,,,,,,,,,,,
3010,3.648,0.0395,0.08862604200839996,5e-05,,,,,,,,,,,,,,,,,
3020,3.661,0.04,0.08080505579710007,5e-05,,,,,,,,,,,,,,,,,
3030,3.673,0.0407,0.06863207370042801,5e-05,,,,,,,,,,,,,,,,,
3040,3.685,0.0388,0.06542588025331497,5e-05,,,,,,,,,,,,,,,,,
3050,3.697,0.04,0.06563648581504822,5e-05,,,,,,,,,,,,,,,,,
3060,3.709,0.0395,0.06058641895651817,5e-05,,,,,,,,,,,,,,,,,
3070,3.721,0.0382,0.07906262576580048,5e-05,,,,,,,,,,,,,,,,,
3080,3.733,0.0415,0.07338783890008926,5e-05,,,,,,,,,,,,,,,,,
3090,3.745,0.0399,0.06866776943206787,5e-05,,,,,,,,,,,,,,,,,
3100,3.758,0.0392,0.06333824247121811,5e-05,,,,,,,,,,,,,,,,,
3110,3.77,0.0397,0.08709631860256195,5e-05,,,,,,,,,,,,,,,,,
3120,3.782,0.0391,0.08010898530483246,5e-05,,,,,,,,,,,,,,,,,
3130,3.794,0.0395,0.059321191161870956,5e-05,,,,,,,,,,,,,,,,,
3140,3.806,0.0391,0.05867303907871246,5e-05,,,,,,,,,,,,,,,,,
3150,3.818,0.0378,0.12324449419975281,5e-05,,,,,,,,,,,,,,,,,
3160,3.83,0.0389,0.09333638846874237,5e-05,,,,,,,,,,,,,,,,,
3170,3.842,0.0402,0.0790085569024086,5e-05,,,,,,,,,,,,,,,,,
3180,3.855,0.0399,0.08031033724546432,5e-05,,,,,,,,,,,,,,,,,
3190,3.867,0.0389,0.05273720994591713,5e-05,,,,,,,,,,,,,,,,,
3200,3.879,0.0396,0.06336203217506409,5e-05,,,,,,,,,,,,,,,,,
3210,3.891,0.0393,0.07197438180446625,5e-05,,,,,,,,,,,,,,,,,
3220,3.903,0.0394,0.06946974247694016,5e-05,,,,,,,,,,,,,,,,,
3230,3.915,0.038,0.06948373466730118,5e-05,,,,,,,,,,,,,,,,,
3240,3.927,0.0381,0.06332869082689285,5e-05,,,,,,,,,,,,,,,,,
3250,3.939,0.0384,0.0947515144944191,5e-05,,,,,,,,,,,,,,,,,
3260,3.952,0.039,0.07163041830062866,5e-05,,,,,,,,,,,,,,,,,
3270,3.964,0.0383,0.07601701468229294,5e-05,,,,,,,,,,,,,,,,,
3280,3.976,0.0381,0.05316593497991562,5e-05,,,,,,,,,,,,,,,,,
3290,3.988,0.038,0.05992306023836136,5e-05,,,,,,,,,,,,,,,,,
3300,4.0,0.0389,0.058464448899030685,5e-05,,,,,,,,,,,,,,,,,
3300,4.0,,,,0.5111821085765574,0.29930069925308816,0.5175537938352162,0.6138828632905403,0.7523602032905427,0.5647524751974959,0.6703296702799554,0.5613374019604851,178.3631,7.849,0.247,,,,,,
3310,4.012,0.0337,0.06541351228952408,5e-05,,,,,,,,,,,,,,,,,
3320,4.024,0.0383,0.06714519113302231,5e-05,,,,,,,,,,,,,,,,,
3330,4.036,0.0377,0.07022669166326523,5e-05,,,,,,,,,,,,,,,,,
3340,4.048,0.038,0.08361393958330154,5e-05,,,,,,,,,,,,,,,,,
3350,4.061,0.039,0.06374672055244446,5e-05,,,,,,,,,,,,,,,,,
3360,4.073,0.0367,0.11825289577245712,5e-05,,,,,,,,,,,,,,,,,
3370,4.085,0.0372,0.06876054406166077,5e-05,,,,,,,,,,,,,,,,,
3380,4.097,0.0376,0.0727204754948616,5e-05,,,,,,,,,,,,,,,,,
3390,4.109,0.037,0.09890860319137573,5e-05,,,,,,,,,,,,,,,,,
3400,4.121,0.0377,0.0899558737874031,5e-05,,,,,,,,,,,,,,,,,
3410,4.133,0.0376,0.058076176792383194,5e-05,,,,,,,,,,,,,,,,,
3420,4.145,0.0373,0.05329957231879234,5e-05,,,,,,,,,,,,,,,,,
3430,4.158,0.0375,0.08817695081233978,5e-05,,,,,,,,,,,,,,,,,
3440,4.17,0.0375,0.08424447476863861,5e-05,,,,,,,,,,,,,,,,,
3450,4.182,0.0368,0.06943686306476593,5e-05,,,,,,,,,,,,,,,,,
3460,4.194,0.0375,0.06299213320016861,5e-05,,,,,,,,,,,,,,,,,
3470,4.206,0.0373,0.06484794616699219,5e-05,,,,,,,,,,,,,,,,,
3480,4.218,0.0402,0.05905284732580185,5e-05,,,,,,,,,,,,,,,,,
3490,4.23,0.0357,0.05986843258142471,5e-05,,,,,,,,,,,,,,,,,
3500,4.242,0.037,0.10863237082958221,5e-05,,,,,,,,,,,,,,,,,
3510,4.255,0.037,0.106378935277462,5e-05,,,,,,,,,,,,,,,,,
3520,4.267,0.0372,0.05069929361343384,5e-05,,,,,,,,,,,,,,,,,
3530,4.279,0.0369,0.06723593920469284,5e-05,,,,,,,,,,,,,,,,,
3540,4.291,0.0368,0.07965905219316483,5e-05,,,,,,,,,,,,,,,,,
3550,4.303,0.0372,0.0638180747628212,5e-05,,,,,,,,,,,,,,,,,
3560,4.315,0.0389,0.07808047533035278,5e-05,,,,,,,,,,,,,,,,,
3570,4.327,0.0362,0.07525856047868729,5e-05,,,,,,,,,,,,,,,,,
3580,4.339,0.0377,0.07005826383829117,5e-05,,,,,,,,,,,,,,,,,
3590,4.352,0.0368,0.054407715797424316,5e-05,,,,,,,,,,,,,,,,,
3600,4.364,0.0381,0.08594179898500443,5e-05,,,,,,,,,,,,,,,,,
3610,4.376,0.0365,0.09249511361122131,5e-05,,,,,,,,,,,,,,,,,
3620,4.388,0.0375,0.09199108928442001,5e-05,,,,,,,,,,,,,,,,,
3630,4.4,0.0384,0.07278644293546677,5e-05,,,,,,,,,,,,,,,,,
3640,4.412,0.0364,0.08700072020292282,5e-05,,,,,,,,,,,,,,,,,
3650,4.424,0.0358,0.05366921424865723,5e-05,,,,,,,,,,,,,,,,,
3660,4.436,0.0361,0.06200118735432625,5e-05,,,,,,,,,,,,,,,,,
3670,4.448,0.038,0.06240289658308029,5e-05,,,,,,,,,,,,,,,,,
3680,4.461,0.0351,0.05725562199950218,5e-05,,,,,,,,,,,,,,,,,
3690,4.473,0.0361,0.07945482432842255,5e-05,,,,,,,,,,,,,,,,,
3700,4.485,0.0377,0.06987831741571426,5e-05,,,,,,,,,,,,,,,,,
3710,4.497,0.0376,0.12111452966928482,5e-05,,,,,,,,,,,,,,,,,
3712,4.499,,,,0.49594813609316474,0.28124999995283567,0.5265643446964928,0.5836065573270544,0.7315288953413147,0.5735999999499574,0.6410515671898361,0.5476499286500937,179.0665,7.818,0.246,,,,,,
3720,4.509,0.0361,0.08550380170345306,5e-05,,,,,,,,,,,,,,,,,
3730,4.521,0.0377,0.08422158658504486,5e-05,,,,,,,,,,,,,,,,,
3740,4.533,0.0358,0.04771024361252785,5e-05,,,,,,,,,,,,,,,,,
3750,4.545,0.0366,0.05377696827054024,5e-05,,,,,,,,,,,,,,,,,
3760,4.558,0.0353,0.058060549199581146,5e-05,,,,,,,,,,,,,,,,,
3770,4.57,0.0366,0.04841258004307747,5e-05,,,,,,,,,,,,,,,,,
3780,4.582,0.036,0.07170530408620834,5e-05,,,,,,,,,,,,,,,,,
3790,4.594,0.037,0.05226929858326912,5e-05,,,,,,,,,,,,,,,,,
3800,4.606,0.0366,0.07162784039974213,5e-05,,,,,,,,,,,,,,,,,
3810,4.618,0.0368,0.047157447785139084,5e-05,,,,,,,,,,,,,,,,,
3820,4.63,0.037,0.06955699622631073,5e-05,,,,,,,,,,,,,,,,,
3830,4.642,0.037,0.0769047811627388,5e-05,,,,,,,,,,,,,,,,,
3840,4.655,0.037,0.07228700071573257,5e-05,,,,,,,,,,,,,,,,,
3850,4.667,0.0361,0.06083463877439499,5e-05,,,,,,,,,,,,,,,,,
3860,4.679,0.0367,0.07967445999383926,5e-05,,,,,,,,,,,,,,,,,
3870,4.691,0.0365,0.0799349695444107,5e-05,,,,,,,,,,,,,,,,,
3880,4.703,0.0377,0.09724752604961395,5e-05,,,,,,,,,,,,,,,,,
3890,4.715,0.0368,0.0709686353802681,5e-05,,,,,,,,,,,,,,,,,
3900,4.727,0.036,0.06118258461356163,5e-05,,,,,,,,,,,,,,,,,
3910,4.739,0.036,0.0694824606180191,5e-05,,,,,,,,,,,,,,,,,
3920,4.752,0.0369,0.06585915386676788,5e-05,,,,,,,,,,,,,,,,,
3930,4.764,0.0365,0.05537597835063934,5e-05,,,,,,,,,,,,,,,,,
3940,4.776,0.036,0.07125170528888702,5e-05,,,,,,,,,,,,,,,,,
3950,4.788,0.0369,0.05400294438004494,5e-05,,,,,,,,,,,,,,,,,
3960,4.8,0.0358,0.06819839775562286,5e-05,,,,,,,,,,,,,,,,,
3970,4.812,0.0372,0.07959794253110886,5e-05,,,,,,,,,,,,,,,,,
3980,4.824,0.0365,0.08794490247964859,5e-05,,,,,,,,,,,,,,,,,
3990,4.836,0.0353,0.06188008934259415,5e-05,,,,,,,,,,,,,,,,,
4000,4.848,0.0355,0.08154881745576859,5e-05,,,,,,,,,,,,,,,,,
4010,4.861,0.0364,0.06555674225091934,5e-05,,,,,,,,,,,,,,,,,
4020,4.873,0.0351,0.05466490238904953,5e-05,,,,,,,,,,,,,,,,,
4030,4.885,0.0366,0.06093974784016609,5e-05,,,,,,,,,,,,,,,,,
4040,4.897,0.036,0.06457514315843582,5e-05,,,,,,,,,,,,,,,,,
4050,4.909,0.0372,0.06116367504000664,5e-05,,,,,,,,,,,,,,,,,
4060,4.921,0.0367,0.0685383602976799,5e-05,,,,,,,,,,,,,,,,,
4070,4.933,0.0354,0.05517317354679108,5e-05,,,,,,,,,,,,,,,,,
4080,4.945,0.0372,0.06851055473089218,5e-05,,,,,,,,,,,,,,,,,
4090,4.958,0.036,0.11721182614564896,5e-05,,,,,,,,,,,,,,,,,
4100,4.97,0.0362,0.067466139793396,5e-05,,,,,,,,,,,,,,,,,
4110,4.982,0.0369,0.08370359241962433,5e-05,,,,,,,,,,,,,,,,,
4120,4.994,0.037,0.077853724360466,5e-05,,,,,,,,,,,,,,,,,
4125,5.0,,,,0.49683544298823856,0.3244755244279063,0.5298165137120647,0.5840130505209504,0.7369186046011105,0.5717665614641748,0.6587183307998082,0.5575062897877505,180.3138,7.764,0.244,,,,,,
4130,5.006,0.0368,0.06774178147315979,5e-05,,,,,,,,,,,,,,,,,
4140,5.018,0.035,0.06834425777196884,5e-05,,,,,,,,,,,,,,,,,
4150,5.03,0.0354,0.050573986023664474,5e-05,,,,,,,,,,,,,,,,,
4160,5.042,0.0345,0.07303701341152191,5e-05,,,,,,,,,,,,,,,,,
4170,5.055,0.0356,0.04996465891599655,5e-05,,,,,,,,,,,,,,,,,
4180,5.067,0.0351,0.0816575437784195,5e-05,,,,,,,,,,,,,,,,,
4190,5.079,0.0361,0.0477493554353714,5e-05,,,,,,,,,,,,,,,,,
4200,5.091,0.0342,0.05849301069974899,5e-05,,,,,,,,,,,,,,,,,
4210,5.103,0.0361,0.05050484463572502,5e-05,,,,,,,,,,,,,,,,,
4220,5.115,0.0348,0.06564760208129883,5e-05,,,,,,,,,,,,,,,,,
4230,5.127,0.0345,0.057937562465667725,5e-05,,,,,,,,,,,,,,,,,
4240,5.139,0.0358,0.04730812460184097,5e-05,,,,,,,,,,,,,,,,,
4250,5.152,0.0357,0.0837828516960144,5e-05,,,,,,,,,,,,,,,,,
4260,5.164,0.0365,0.07544133067131042,5e-05,,,,,,,,,,,,,,,,,
4270,5.176,0.0362,0.054054148495197296,5e-05,,,,,,,,,,,,,,,,,
4280,5.188,0.035,0.06911129504442215,5e-05,,,,,,,,,,,,,,,,,
4290,5.2,0.0355,0.11388382315635681,5e-05,,,,,,,,,,,,,,,,,
4300,5.212,0.0341,0.06139204278588295,5e-05,,,,,,,,,,,,,,,,,
4310,5.224,0.0357,0.07989728450775146,5e-05,,,,,,,,,,,,,,,,,
4320,5.236,0.0365,0.05463210865855217,5e-05,,,,,,,,,,,,,,,,,
4330,5.248,0.0345,0.07534945756196976,5e-05,,,,,,,,,,,,,,,,,
4340,5.261,0.035,0.07075302302837372,5e-05,,,,,,,,,,,,,,,,,
4350,5.273,0.0352,0.08164793252944946,5e-05,,,,,,,,,,,,,,,,,
4360,5.285,0.0346,0.046582747250795364,5e-05,,,,,,,,,,,,,,,,,
4370,5.297,0.0348,0.065034881234169,5e-05,,,,,,,,,,,,,,,,,
4380,5.309,0.0351,0.07712694257497787,5e-05,,,,,,,,,,,,,,,,,
4390,5.321,0.0355,0.07154612988233566,5e-05,,,,,,,,,,,,,,,,,
4400,5.333,0.0357,0.05958274006843567,5e-05,,,,,,,,,,,,,,,,,
4410,5.345,0.035,0.07686791568994522,5e-05,,,,,,,,,,,,,,,,,
4420,5.358,0.0341,0.05088771507143974,5e-05,,,,,,,,,,,,,,,,,
4430,5.37,0.0362,0.13572661578655243,5e-05,,,,,,,,,,,,,,,,,
4440,5.382,0.0354,0.067940853536129,5e-05,,,,,,,,,,,,,,,,,
4450,5.394,0.0361,0.06347090005874634,5e-05,,,,,,,,,,,,,,,,,
4460,5.406,0.0356,0.06258700788021088,5e-05,,,,,,,,,,,,,,,,,
4470,5.418,0.0342,0.07582549005746841,5e-05,,,,,,,,,,,,,,,,,
4480,5.43,0.0346,0.09238946437835693,5e-05,,,,,,,,,,,,,,,,,
4490,5.442,0.0353,0.10609717667102814,5e-05,,,,,,,,,,,,,,,,,
4500,5.455,0.0339,0.056330930441617966,5e-05,,,,,,,,,,,,,,,,,
4510,5.467,0.0364,0.07565737515687943,5e-05,,,,,,,,,,,,,,,,,
4520,5.479,0.0345,0.09595503658056259,5e-05,,,,,,,,,,,,,,,,,
4530,5.491,0.0344,0.05678388103842735,5e-05,,,,,,,,,,,,,,,,,
4538,5.501,,,,0.5335515547788119,0.31850789091439563,0.5350618738454523,0.5681444991289952,0.7358490565537223,0.570284341159408,0.6591951094763842,0.5600849036938814,177.1829,7.901,0.248,,,,,,
4540,5.503,0.0331,0.063526451587677,5e-05,,,,,,,,,,,,,,,,,
4550,5.515,0.0363,0.0759602040052414,5e-05,,,,,,,,,,,,,,,,,
4560,5.527,0.034,0.07763005793094635,5e-05,,,,,,,,,,,,,,,,,
4570,5.539,0.0353,0.06588025391101837,5e-05,,,,,,,,,,,,,,,,,
4580,5.552,0.0351,0.07976648956537247,5e-05,,,,,,,,,,,,,,,,,
4590,5.564,0.0341,0.042332056909799576,5e-05,,,,,,,,,,,,,,,,,
4600,5.576,0.0334,0.08767901360988617,5e-05,,,,,,,,,,,,,,,,,
4610,5.588,0.0351,0.0647457167506218,5e-05,,,,,,,,,,,,,,,,,
4620,5.6,0.0346,0.07275452464818954,5e-05,,,,,,,,,,,,,,,,,
4630,5.612,0.0343,0.06244613975286484,5e-05,,,,,,,,,,,,,,,,,
4640,5.624,0.0345,0.06652355194091797,5e-05,,,,,,,,,,,,,,,,,
4650,5.636,0.0334,0.07813473045825958,5e-05,,,,,,,,,,,,,,,,,
4660,5.648,0.0348,0.08236370980739594,5e-05,,,,,,,,,,,,,,,,,
4670,5.661,0.0346,0.06238333135843277,5e-05,,,,,,,,,,,,,,,,,
4680,5.673,0.0348,0.0661589652299881,5e-05,,,,,,,,,,,,,,,,,
4690,5.685,0.0354,0.07176391780376434,5e-05,,,,,,,,,,,,,,,,,
4700,5.697,0.034,0.06329380720853806,5e-05,,,,,,,,,,,,,,,,,
4710,5.709,0.0344,0.05046497657895088,5e-05,,,,,,,,,,,,,,,,,
4720,5.721,0.0342,0.06911865621805191,5e-05,,,,,,,,,,,,,,,,,
4730,5.733,0.0344,0.05914904549717903,5e-05,,,,,,,,,,,,,,,,,
4740,5.745,0.034,0.07863988727331161,5e-05,,,,,,,,,,,,,,,,,
4750,5.758,0.0334,0.0798039585351944,5e-05,,,,,,,,,,,,,,,,,
4760,5.77,0.0331,0.06555130332708359,5e-05,,,,,,,,,,,,,,,,,
4770,5.782,0.0344,0.049025386571884155,5e-05,,,,,,,,,,,,,,,,,
4780,5.794,0.0345,0.05047794058918953,5e-05,,,,,,,,,,,,,,,,,
4790,5.806,0.0342,0.052189700305461884,5e-05,,,,,,,,,,,,,,,,,
4800,5.818,0.0339,0.08800733089447021,5e-05,,,,,,,,,,,,,,,,,
4810,5.83,0.0351,0.06120070442557335,5e-05,,,,,,,,,,,,,,,,,
4820,5.842,0.0348,0.06477681547403336,5e-05,,,,,,,,,,,,,,,,,
4830,5.855,0.0339,0.046916089951992035,5e-05,,,,,,,,,,,,,,,,,
4840,5.867,0.0352,0.06283347308635712,5e-05,,,,,,,,,,,,,,,,,
4850,5.879,0.0325,0.07206670939922333,5e-05,,,,,,,,,,,,,,,,,
4860,5.891,0.0342,0.06309426575899124,5e-05,,,,,,,,,,,,,,,,,
4870,5.903,0.0335,0.05717160552740097,5e-05,,,,,,,,,,,,,,,,,
4880,5.915,0.0353,0.06299769878387451,5e-05,,,,,,,,,,,,,,,,,
4890,5.927,0.0334,0.05909639596939087,5e-05,,,,,,,,,,,,,,,,,
4900,5.939,0.0341,0.09885212033987045,5e-05,,,,,,,,,,,,,,,,,
4910,5.952,0.0339,0.05495397001504898,5e-05,,,,,,,,,,,,,,,,,
4920,5.964,0.0354,0.06343542784452438,5e-05,,,,,,,,,,,,,,,,,
4930,5.976,0.0336,0.0537441149353981,5e-05,,,,,,,,,,,,,,,,,
4940,5.988,0.0329,0.07637320458889008,5e-05,,,,,,,,,,,,,,,,,
4950,6.0,0.0337,0.05638500675559044,5e-05,,,,,,,,,,,,,,,,,
4950,6.0,,,,0.5217391303852319,0.3559322033424786,0.5340375586358241,0.5758241757742043,0.7376811593702395,0.5846886155786857,0.6636178861290261,0.5676458184593843,178.3701,7.849,0.247,,,,,,
4960,6.012,0.0313,0.059524498879909515,5e-05,,,,,,,,,,,,,,,,,
4970,6.024,0.0344,0.06842541694641113,5e-05,,,,,,,,,,,,,,,,,
4980,6.036,0.0329,0.06650561094284058,5e-05,,,,,,,,,,,,,,,,,
4990,6.048,0.0342,0.0964057594537735,5e-05,,,,,,,,,,,,,,,,,
5000,6.061,0.033,0.055921997874975204,5e-05,,,,,,,,,,,,,,,,,
5010,6.073,0.0324,0.053815677762031555,5e-05,,,,,,,,,,,,,,,,,
5020,6.085,0.0329,0.052661292254924774,5e-05,,,,,,,,,,,,,,,,,
5030,6.097,0.0336,0.0638679638504982,5e-05,,,,,,,,,,,,,,,,,
5040,6.109,0.0334,0.06553271412849426,5e-05,,,,,,,,,,,,,,,,,
5050,6.121,0.0342,0.06747549027204514,5e-05,,,,,,,,,,,,,,,,,
5060,6.133,0.033,0.05445728451013565,5e-05,,,,,,,,,,,,,,,,,
5070,6.145,0.0335,0.05559688061475754,5e-05,,,,,,,,,,,,,,,,,
5080,6.158,0.0346,0.05731084942817688,5e-05,,,,,,,,,,,,,,,,,
5090,6.17,0.0319,0.05336123704910278,5e-05,,,,,,,,,,,,,,,,,
5100,6.182,0.0332,0.054764363914728165,5e-05,,,,,,,,,,,,,,,,,
5110,6.194,0.0334,0.06284615397453308,5e-05,,,,,,,,,,,,,,,,,
5120,6.206,0.0345,0.06265315413475037,5e-05,,,,,,,,,,,,,,,,,
5130,6.218,0.0336,0.0767815113067627,5e-05,,,,,,,,,,,,,,,,,
5140,6.23,0.0326,0.04595242813229561,5e-05,,,,,,,,,,,,,,,,,
5150,6.242,0.0333,0.08609724789857864,5e-05,,,,,,,,,,,,,,,,,
5160,6.255,0.0345,0.06408672779798508,5e-05,,,,,,,,,,,,,,,,,
5170,6.267,0.0323,0.05917356535792351,5e-05,,,,,,,,,,,,,,,,,
5180,6.279,0.0341,0.051870059221982956,5e-05,,,,,,,,,,,,,,,,,
5190,6.291,0.0329,0.054626982659101486,5e-05,,,,,,,,,,,,,,,,,
5200,6.303,0.0328,0.05034049227833748,5e-05,,,,,,,,,,,,,,,,,
5210,6.315,0.0329,0.09032267332077026,5e-05,,,,,,,,,,,,,,,,,
5220,6.327,0.0332,0.07456653565168381,5e-05,,,,,,,,,,,,,,,,,
5230,6.339,0.0322,0.09971447288990021,5e-05,,,,,,,,,,,,,,,,,
5240,6.352,0.0331,0.054641179740428925,5e-05,,,,,,,,,,,,,,,,,
5250,6.364,0.0317,0.08010832965373993,5e-05,,,,,,,,,,,,,,,,,
5260,6.376,0.0335,0.05841458588838577,5e-05,,,,,,,,,,,,,,,,,
5270,6.388,0.0334,0.049881257116794586,5e-05,,,,,,,,,,,,,,,,,
5280,6.4,0.033,0.057794518768787384,5e-05,,,,,,,,,,,,,,,,,
5290,6.412,0.0346,0.07744947820901871,5e-05,,,,,,,,,,,,,,,,,
5300,6.424,0.033,0.0641259178519249,5e-05,,,,,,,,,,,,,,,,,
5310,6.436,0.0327,0.060685526579618454,5e-05,,,,,,,,,,,,,,,,,
5320,6.448,0.0324,0.051208894699811935,5e-05,,,,,,,,,,,,,,,,,
5330,6.461,0.0325,0.07860716432332993,5e-05,,,,,,,,,,,,,,,,,
5340,6.473,0.0327,0.06437550485134125,5e-05,,,,,,,,,,,,,,,,,
5350,6.485,0.0336,0.06858132034540176,5e-05,,,,,,,,,,,,,,,,,
5360,6.497,0.0334,0.06855171173810959,5e-05,,,,,,,,,,,,,,,,,
5362,6.499,,,,0.5460420031814992,0.3649425286887977,0.5456688272927109,0.6015367727271888,0.7231884057470521,0.5836298931884067,0.6519114687631117,0.5738456999412526,177.6617,7.88,0.248,,,,,,
5370,6.509,0.033,0.07032021880149841,5e-05,,,,,,,,,,,,,,,,,
5380,6.521,0.0323,0.07039624452590942,5e-05,,,,,,,,,,,,,,,,,
5390,6.533,0.0323,0.08174524456262589,5e-05,,,,,,,,,,,,,,,,,
5400,6.545,0.0335,0.05728040263056755,5e-05,,,,,,,,,,,,,,,,,
5410,6.558,0.0316,0.081606425344944,5e-05,,,,,,,,,,,,,,,,,
5420,6.57,0.0323,0.04833154007792473,5e-05,,,,,,,,,,,,,,,,,
5430,6.582,0.0334,0.06353309005498886,5e-05,,,,,,,,,,,,,,,,,
5440,6.594,0.0316,0.04659157246351242,5e-05,,,,,,,,,,,,,,,,,
5450,6.606,0.0328,0.06787730008363724,5e-05,,,,,,,,,,,,,,,,,
5460,6.618,0.0347,0.05911783128976822,5e-05,,,,,,,,,,,,,,,,,
5470,6.63,0.0328,0.09865515679121017,5e-05,,,,,,,,,,,,,,,,,
5480,6.642,0.0321,0.05351777747273445,5e-05,,,,,,,,,,,,,,,,,
5490,6.655,0.0329,0.059218209236860275,5e-05,,,,,,,,,,,,,,,,,
5500,6.667,0.0337,0.059332627803087234,5e-05,,,,,,,,,,,,,,,,,
5510,6.679,0.0322,0.06563233584165573,5e-05,,,,,,,,,,,,,,,,,
5520,6.691,0.0336,0.07249473035335541,5e-05,,,,,,,,,,,,,,,,,
5530,6.703,0.0338,0.05495268478989601,5e-05,,,,,,,,,,,,,,,,,
5540,6.715,0.0321,0.06259982287883759,5e-05,,,,,,,,,,,,,,,,,
5550,6.727,0.0322,0.05794084072113037,5e-05,,,,,,,,,,,,,,,,,
5560,6.739,0.0318,0.05738890543580055,5e-05,,,,,,,,,,,,,,,,,
5570,6.752,0.0333,0.0986538901925087,5e-05,,,,,,,,,,,,,,,,,
5580,6.764,0.0342,0.08735492080450058,5e-05,,,,,,,,,,,,,,,,,
5590,6.776,0.0322,0.05270880460739136,5e-05,,,,,,,,,,,,,,,,,
5600,6.788,0.0326,0.06610242277383804,5e-05,,,,,,,,,,,,,,,,,
5610,6.8,0.0318,0.09345550835132599,5e-05,,,,,,,,,,,,,,,,,
5620,6.812,0.0327,0.05340513959527016,5e-05,,,,,,,,,,,,,,,,,
5630,6.824,0.0322,0.05457102134823799,5e-05,,,,,,,,,,,,,,,,,
5640,6.836,0.033,0.06850249320268631,5e-05,,,,,,,,,,,,,,,,,
5650,6.848,0.035,0.0658278837800026,5e-05,,,,,,,,,,,,,,,,,
5660,6.861,0.0326,0.04963871091604233,5e-05,,,,,,,,,,,,,,,,,
5670,6.873,0.0331,0.06027071550488472,5e-05,,,,,,,,,,,,,,,,,
5680,6.885,0.0334,0.10725457966327667,5e-05,,,,,,,,,,,,,,,,,
5690,6.897,0.0322,0.059240613132715225,5e-05,,,,,,,,,,,,,,,,,
5700,6.909,0.0323,0.08076473325490952,5e-05,,,,,,,,,,,,,,,,,
5710,6.921,0.0329,0.07068602740764618,5e-05,,,,,,,,,,,,,,,,,
5720,6.933,0.0318,0.07076575607061386,5e-05,,,,,,,,,,,,,,,,,
5730,6.945,0.0333,0.04874299839138985,5e-05,,,,,,,,,,,,,,,,,
5740,6.958,0.0325,0.05433420464396477,5e-05,,,,,,,,,,,,,,,,,
5750,6.97,0.0328,0.05238107219338417,5e-05,,,,,,,,,,,,,,,,,
5760,6.982,0.0322,0.06128503009676933,5e-05,,,,,,,,,,,,,,,,,
5770,6.994,0.0332,0.05503401905298233,5e-05,,,,,,,,,,,,,,,,,
5775,7.0,,,,0.5147540983113469,0.35021707665383967,0.5587878787380174,0.5812534663948884,0.730543318598993,0.570515381492108,0.6587506452778998,0.5664031236381561,178.2891,7.852,0.247,,,,,,
5780,7.006,0.0327,0.06912548094987869,5e-05,,,,,,,,,,,,,,,,,
5790,7.018,0.0307,0.0446799099445343,5e-05,,,,,,,,,,,,,,,,,
5800,7.03,0.0334,0.06470832973718643,5e-05,,,,,,,,,,,,,,,,,
5810,7.042,0.0318,0.059915147721767426,5e-05,,,,,,,,,,,,,,,,,
5820,7.055,0.0316,0.05912477895617485,5e-05,,,,,,,,,,,,,,,,,
5830,7.067,0.0322,0.05459165200591087,5e-05,,,,,,,,,,,,,,,,,
5840,7.079,0.0325,0.0921965092420578,5e-05,,,,,,,,,,,,,,,,,
5850,7.091,0.0312,0.09737005829811096,5e-05,,,,,,,,,,,,,,,,,
5860,7.103,0.0308,0.07302883267402649,5e-05,,,,,,,,,,,,,,,,,
5870,7.115,0.0308,0.051245760172605515,5e-05,,,,,,,,,,,,,,,,,
5880,7.127,0.0307,0.0617377869784832,5e-05,,,,,,,,,,,,,,,,,
5890,7.139,0.032,0.07668159157037735,5e-05,,,,,,,,,,,,,,,,,
5900,7.152,0.0324,0.06235533580183983,5e-05,,,,,,,,,,,,,,,,,
5910,7.164,0.0324,0.10400062799453735,5e-05,,,,,,,,,,,,,,,,,
5920,7.176,0.032,0.07680100947618484,5e-05,,,,,,,,,,,,,,,,,
5930,7.188,0.0324,0.057397108525037766,5e-05,,,,,,,,,,,,,,,,,
5940,7.2,0.0315,0.05338437482714653,5e-05,,,,,,,,,,,,,,,,,
5950,7.212,0.032,0.07249151915311813,5e-05,,,,,,,,,,,,,,,,,
5960,7.224,0.031,0.06321487575769424,5e-05,,,,,,,,,,,,,,,,,
5970,7.236,0.0316,0.051657382398843765,5e-05,,,,,,,,,,,,,,,,,
5980,7.248,0.0317,0.05650592967867851,5e-05,,,,,,,,,,,,,,,,,
5990,7.261,0.0315,0.062491707503795624,5e-05,,,,,,,,,,,,,,,,,
6000,7.273,0.0325,0.051260098814964294,5e-05,,,,,,,,,,,,,,,,,
6010,7.285,0.0306,0.04804914817214012,5e-05,,,,,,,,,,,,,,,,,
6020,7.297,0.0316,0.05983753502368927,5e-05,,,,,,,,,,,,,,,,,
6030,7.309,0.0308,0.07970677316188812,5e-05,,,,,,,,,,,,,,,,,
6040,7.321,0.0305,0.05054508522152901,5e-05,,,,,,,,,,,,,,,,,
6050,7.333,0.0312,0.06032077223062515,5e-05,,,,,,,,,,,,,,,,,
6060,7.345,0.0316,0.05559505894780159,5e-05,,,,,,,,,,,,,,,,,
6070,7.358,0.0328,0.07962236553430557,5e-05,,,,,,,,,,,,,,,,,
6080,7.37,0.0322,0.06038598716259003,5e-05,,,,,,,,,,,,,,,,,
6090,7.382,0.032,0.06462875008583069,5e-05,,,,,,,,,,,,,,,,,
6100,7.394,0.0318,0.05057652294635773,5e-05,,,,,,,,,,,,,,,,,
6110,7.406,0.0322,0.06934508681297302,5e-05,,,,,,,,,,,,,,,,,
6120,7.418,0.0314,0.05651409924030304,5e-05,,,,,,,,,,,,,,,,,
6130,7.43,0.0321,0.04261541739106178,5e-05,,,,,,,,,,,,,,,,,
6140,7.442,0.0314,0.07841590791940689,5e-05,,,,,,,,,,,,,,,,,
6150,7.455,0.0311,0.05305437371134758,5e-05,,,,,,,,,,,,,,,,,
6160,7.467,0.0323,0.06291141360998154,5e-05,,,,,,,,,,,,,,,,,
6170,7.479,0.0323,0.069968581199646,5e-05,,,,,,,,,,,,,,,,,
6180,7.491,0.0319,0.058372970670461655,5e-05,,,,,,,,,,,,,,,,,
6188,7.501,,,,0.5218800647803524,0.36440677961366263,0.5669481302276107,0.6003316749085954,0.7249357325977631,0.5648854961331614,0.6801661474059105,0.5747934322381509,174.5309,8.022,0.252,,,,,,
6190,7.503,0.0316,0.06209409981966019,5e-05,,,,,,,,,,,,,,,,,
6200,7.515,0.0322,0.06972546130418777,5e-05,,,,,,,,,,,,,,,,,
6210,7.527,0.0317,0.06056823208928108,5e-05,,,,,,,,,,,,,,,,,
6220,7.539,0.0319,0.05319945514202118,5e-05,,,,,,,,,,,,,,,,,
6230,7.552,0.032,0.058405108749866486,5e-05,,,,,,,,,,,,,,,,,
6240,7.564,0.0318,0.07499678432941437,5e-05,,,,,,,,,,,,,,,,,
6250,7.576,0.0327,0.05262653902173042,5e-05,,,,,,,,,,,,,,,,,
6260,7.588,0.0312,0.0779070109128952,5e-05,,,,,,,,,,,,,,,,,
6270,7.6,0.0309,0.06436783820390701,5e-05,,,,,,,,,,,,,,,,,
6280,7.612,0.0318,0.092685766518116,5e-05,,,,,,,,,,,,,,,,,
6290,7.624,0.032,0.0739545151591301,5e-05,,,,,,,,,,,,,,,,,
6300,7.636,0.0318,0.052374646067619324,5e-05,,,,,,,,,,,,,,,,,
6310,7.648,0.0322,0.05549883469939232,5e-05,,,,,,,,,,,,,,,,,
6320,7.661,0.0315,0.07365068048238754,5e-05,,,,,,,,,,,,,,,,,
6330,7.673,0.0311,0.06815899908542633,5e-05,,,,,,,,,,,,,,,,,
6340,7.685,0.033,0.05400363355875015,5e-05,,,,,,,,,,,,,,,,,
6350,7.697,0.031,0.05959191173315048,5e-05,,,,,,,,,,,,,,,,,
6360,7.709,0.0318,0.06794951856136322,5e-05,,,,,,,,,,,,,,,,,
6370,7.721,0.0307,0.06901407986879349,5e-05,,,,,,,,,,,,,,,,,
6380,7.733,0.0311,0.05237289145588875,5e-05,,,,,,,,,,,,,,,,,
6390,7.745,0.0324,0.06067073345184326,5e-05,,,,,,,,,,,,,,,,,
6400,7.758,0.0306,0.0800103023648262,5e-05,,,,,,,,,,,,,,,,,
6410,7.77,0.0309,0.08064703643321991,5e-05,,,,,,,,,,,,,,,,,
6420,7.782,0.0303,0.06209329143166542,5e-05,,,,,,,,,,,,,,,,,
6430,7.794,0.0317,0.05653980374336243,5e-05,,,,,,,,,,,,,,,,,
6440,7.806,0.0313,0.07254557311534882,5e-05,,,,,,,,,,,,,,,,,
6450,7.818,0.0308,0.04750708118081093,5e-05,,,,,,,,,,,,,,,,,
6460,7.83,0.0317,0.051491402089595795,5e-05,,,,,,,,,,,,,,,,,
6470,7.842,0.0323,0.05887007340788841,5e-05,,,,,,,,,,,,,,,,,
6480,7.855,0.0308,0.06046159192919731,5e-05,,,,,,,,,,,,,,,,,
6490,7.867,0.0311,0.06109859049320221,5e-05,,,,,,,,,,,,,,,,,
6500,7.879,0.0324,0.058933649212121964,5e-05,,,,,,,,,,,,,,,,,
6510,7.891,0.0315,0.040191154927015305,5e-05,,,,,,,,,,,,,,,,,
6520,7.903,0.0323,0.06759568303823471,5e-05,,,,,,,,,,,,,,,,,
6530,7.915,0.031,0.05920219421386719,5e-05,,,,,,,,,,,,,,,,,
6540,7.927,0.0313,0.07509695738554001,5e-05,,,,,,,,,,,,,,,,,
6550,7.939,0.0317,0.06808260828256607,5e-05,,,,,,,,,,,,,,,,,
6560,7.952,0.0308,0.06598593294620514,5e-05,,,,,,,,,,,,,,,,,
6570,7.964,0.0319,0.05209260433912277,5e-05,,,,,,,,,,,,,,,,,
6580,7.976,0.0302,0.0485110729932785,5e-05,,,,,,,,,,,,,,,,,
6590,7.988,0.0303,0.055681973695755005,5e-05,,,,,,,,,,,,,,,,,
6600,8.0,0.0306,0.054840490221977234,5e-05,,,,,,,,,,,,,,,,,
6600,8.0,,,,0.5288461537965438,0.362378976438941,0.5513126491149222,0.5810363836325129,0.7127775754868979,0.5757455267889301,0.617586912015571,0.5613834538963313,176.566,7.929,0.249,,,,,,
6610,8.012,0.0297,0.07038859277963638,5e-05,,,,,,,,,,,,,,,,,
6620,8.024,0.0314,0.05287116393446922,5e-05,,,,,,,,,,,,,,,,,
6630,8.036,0.0316,0.058970868587493896,5e-05,,,,,,,,,,,,,,,,,
6640,8.048,0.0322,0.10315203666687012,5e-05,,,,,,,,,,,,,,,,,
6650,8.061,0.0309,0.048769012093544006,5e-05,,,,,,,,,,,,,,,,,
6660,8.073,0.0301,0.05511311814188957,5e-05,,,,,,,,,,,,,,,,,
6670,8.085,0.0308,0.04753455892205238,5e-05,,,,,,,,,,,,,,,,,
6680,8.097,0.0312,0.057924237102270126,5e-05,,,,,,,,,,,,,,,,,
6690,8.109,0.0309,0.04696355387568474,5e-05,,,,,,,,,,,,,,,,,
6700,8.121,0.0303,0.047023337334394455,5e-05,,,,,,,,,,,,,,,,,
6710,8.133,0.0305,0.055717386305332184,5e-05,,,,,,,,,,,,,,,,,
6720,8.145,0.0298,0.04330233484506607,5e-05,,,,,,,,,,,,,,,,,
6730,8.158,0.0301,0.05769289657473564,5e-05,,,,,,,,,,,,,,,,,
6740,8.17,0.0318,0.04930422082543373,5e-05,,,,,,,,,,,,,,,,,
6750,8.182,0.031,0.04880547896027565,5e-05,,,,,,,,,,,,,,,,,
6760,8.194,0.0298,0.049004167318344116,5e-05,,,,,,,,,,,,,,,,,
6770,8.206,0.0307,0.06580238789319992,5e-05,,,,,,,,,,,,,,,,,
6780,8.218,0.0311,0.07726000994443893,5e-05,,,,,,,,,,,,,,,,,
6790,8.23,0.0311,0.07165811210870743,5e-05,,,,,,,,,,,,,,,,,
6800,8.242,0.0299,0.08241433650255203,5e-05,,,,,,,,,,,,,,,,,
6810,8.255,0.0295,0.07914861291646957,5e-05,,,,,,,,,,,,,,,,,
6820,8.267,0.0299,0.05553022399544716,5e-05,,,,,,,,,,,,,,,,,
6830,8.279,0.0315,0.06352850794792175,5e-05,,,,,,,,,,,,,,,,,
6840,8.291,0.0307,0.06254193186759949,5e-05,,,,,,,,,,,,,,,,,
6850,8.303,0.0307,0.0582180880010128,5e-05,,,,,,,,,,,,,,,,,
6860,8.315,0.0305,0.04920321702957153,5e-05,,,,,,,,,,,,,,,,,
6870,8.327,0.0309,0.054294977337121964,5e-05,,,,,,,,,,,,,,,,,
6880,8.339,0.0292,0.044605787843465805,5e-05,,,,,,,,,,,,,,,,,
6890,8.352,0.0301,0.04451204463839531,5e-05,,,,,,,,,,,,,,,,,
6900,8.364,0.0308,0.07594198733568192,5e-05,,,,,,,,,,,,,,,,,
6910,8.376,0.0303,0.0605296790599823,5e-05,,,,,,,,,,,,,,,,,
6920,8.388,0.0294,0.05754699185490608,5e-05,,,,,,,,,,,,,,,,,
6930,8.4,0.0309,0.05179215967655182,5e-05,,,,,,,,,,,,,,,,,
6940,8.412,0.0307,0.057514674961566925,5e-05,,,,,,,,,,,,,,,,,
6950,8.424,0.031,0.06668306887149811,5e-05,,,,,,,,,,,,,,,,,
6960,8.436,0.0304,0.06671443581581116,5e-05,,,,,,,,,,,,,,,,,
6970,8.448,0.0309,0.079724982380867,5e-05,,,,,,,,,,,,,,,,,
6980,8.461,0.03,0.05352364853024483,5e-05,,,,,,,,,,,,,,,,,
6990,8.473,0.0307,0.06354130804538727,5e-05,,,,,,,,,,,,,,,,,
7000,8.485,0.0301,0.0816425234079361,5e-05,,,,,,,,,,,,,,,,,
7010,8.497,0.0304,0.06524758040904999,5e-05,,,,,,,,,,,,,,,,,
7012,8.499,,,,0.5480769230273067,0.3753501400084281,0.5397014924875548,0.5657677489869111,0.7216569766941348,0.5700674870480216,0.627351296340607,0.5639960092275663,175.1516,7.993,0.251,,,,,,
7020,8.509,0.0312,0.051684729754924774,5e-05,,,,,,,,,,,,,,,,,
7030,8.521,0.0305,0.05387583747506142,5e-05,,,,,,,,,,,,,,,,,
7040,8.533,0.0303,0.060144223272800446,5e-05,,,,,,,,,,,,,,,,,
7050,8.545,0.0309,0.09063547849655151,5e-05,,,,,,,,,,,,,,,,,
7060,8.558,0.03,0.05784472078084946,5e-05,,,,,,,,,,,,,,,,,
7070,8.57,0.0304,0.052756018936634064,5e-05,,,,,,,,,,,,,,,,,
7080,8.582,0.0302,0.0966392233967781,5e-05,,,,,,,,,,,,,,,,,
7090,8.594,0.0294,0.06410665810108185,5e-05,,,,,,,,,,,,,,,,,
7100,8.606,0.0305,0.08886726945638657,5e-05,,,,,,,,,,,,,,,,,
7110,8.618,0.0299,0.055753014981746674,5e-05,,,,,,,,,,,,,,,,,
7120,8.63,0.0309,0.06409811228513718,5e-05,,,,,,,,,,,,,,,,,
7130,8.642,0.0317,0.06669150292873383,5e-05,,,,,,,,,,,,,,,,,
7140,8.655,0.0301,0.04754697531461716,5e-05,,,,,,,,,,,,,,,,,
7150,8.667,0.0308,0.04543567821383476,5e-05,,,,,,,,,,,,,,,,,
7160,8.679,0.031,0.05506829544901848,5e-05,,,,,,,,,,,,,,,,,
7170,8.691,0.0307,0.05386520177125931,5e-05,,,,,,,,,,,,,,,,,
7180,8.703,0.0318,0.048407211899757385,5e-05,,,,,,,,,,,,,,,,,
7190,8.715,0.0307,0.04762477055191994,5e-05,,,,,,,,,,,,,,,,,
7200,8.727,0.0309,0.08173847943544388,5e-05,,,,,,,,,,,,,,,,,
7210,8.739,0.0301,0.04981999844312668,5e-05,,,,,,,,,,,,,,,,,
7220,8.752,0.0305,0.054282091557979584,5e-05,,,,,,,,,,,,,,,,,
7230,8.764,0.0299,0.06975170969963074,5e-05,,,,,,,,,,,,,,,,,
7240,8.776,0.0295,0.07538007199764252,5e-05,,,,,,,,,,,,,,,,,
7250,8.788,0.0287,0.10204613208770752,5e-05,,,,,,,,,,,,,,,,,
7260,8.8,0.031,0.05364932864904404,5e-05,,,,,,,,,,,,,,,,,
7270,8.812,0.0303,0.05479782074689865,5e-05,,,,,,,,,,,,,,,,,
7280,8.824,0.0299,0.06758593767881393,5e-05,,,,,,,,,,,,,,,,,
7290,8.836,0.029,0.05398792773485184,5e-05,,,,,,,,,,,,,,,,,
7300,8.848,0.0308,0.04989233613014221,5e-05,,,,,,,,,,,,,,,,,
7310,8.861,0.0301,0.04350826516747475,5e-05,,,,,,,,,,,,,,,,,
7320,8.873,0.0304,0.053473301231861115,5e-05,,,,,,,,,,,,,,,,,
7330,8.885,0.029,0.04709522798657417,5e-05,,,,,,,,,,,,,,,,,
7340,8.897,0.0292,0.04709548130631447,5e-05,,,,,,,,,,,,,,,,,
7350,8.909,0.0311,0.048788439482450485,5e-05,,,,,,,,,,,,,,,,,
7360,8.921,0.0305,0.07871783524751663,5e-05,,,,,,,,,,,,,,,,,
7370,8.933,0.0304,0.05094677954912186,5e-05,,,,,,,,,,,,,,,,,
7380,8.945,0.0306,0.05477161332964897,5e-05,,,,,,,,,,,,,,,,,
7390,8.958,0.0286,0.0808638259768486,5e-05,,,,,,,,,,,,,,,,,
7400,8.97,0.0298,0.05368504300713539,5e-05,,,,,,,,,,,,,,,,,
7410,8.982,0.0305,0.056467220187187195,5e-05,,,,,,,,,,,,,,,,,
7420,8.994,0.0305,0.06146654114127159,5e-05,,,,,,,,,,,,,,,,,
7425,9.0,,,,0.5254777069566894,0.37362637357828193,0.5564803804496757,0.5850713501146768,0.7255404909722998,0.5755166931137164,0.6472986747717574,0.5698588099938711,176.1699,7.947,0.25,,,,,,
7430,9.006,0.0296,0.06951132416725159,5e-05,,,,,,,,,,,,,,,,,
7440,9.018,0.0285,0.06547600030899048,5e-05,,,,,,,,,,,,,,,,,
7450,9.03,0.0292,0.03822796046733856,5e-05,,,,,,,,,,,,,,,,,
7460,9.042,0.0301,0.042360108345746994,5e-05,,,,,,,,,,,,,,,,,
7470,9.055,0.0307,0.08342352509498596,5e-05,,,,,,,,,,,,,,,,,
7480,9.067,0.0301,0.06426599621772766,5e-05,,,,,,,,,,,,,,,,,
7490,9.079,0.029,0.046662889420986176,5e-05,,,,,,,,,,,,,,,,,
7500,9.091,0.0301,0.04958225414156914,5e-05,,,,,,,,,,,,,,,,,
7510,9.103,0.029,0.13253626227378845,5e-05,,,,,,,,,,,,,,,,,
7520,9.115,0.0294,0.10087326169013977,5e-05,,,,,,,,,,,,,,,,,
7530,9.127,0.0302,0.06526438891887665,5e-05,,,,,,,,,,,,,,,,,
7540,9.139,0.0302,0.056056395173072815,5e-05,,,,,,,,,,,,,,,,,
7550,9.152,0.0304,0.06177626550197601,5e-05,,,,,,,,,,,,,,,,,
7560,9.164,0.0291,0.04736543074250221,5e-05,,,,,,,,,,,,,,,,,
7570,9.176,0.0297,0.058524806052446365,5e-05,,,,,,,,,,,,,,,,,
7580,9.188,0.0295,0.06631256639957428,5e-05,,,,,,,,,,,,,,,,,
7590,9.2,0.0288,0.04620686545968056,5e-05,,,,,,,,,,,,,,,,,
7600,9.212,0.0289,0.06829556822776794,5e-05,,,,,,,,,,,,,,,,,
7610,9.224,0.0287,0.0635339692234993,5e-05,,,,,,,,,,,,,,,,,
7620,9.236,0.0292,0.06063457950949669,5e-05,,,,,,,,,,,,,,,,,
7630,9.248,0.0292,0.05996908247470856,5e-05,,,,,,,,,,,,,,,,,
7640,9.261,0.0285,0.05727769434452057,5e-05,,,,,,,,,,,,,,,,,
7650,9.273,0.0289,0.09179524332284927,5e-05,,,,,,,,,,,,,,,,,
7660,9.285,0.0299,0.04131149500608444,5e-05,,,,,,,,,,,,,,,,,
7670,9.297,0.0288,0.06782032549381256,5e-05,,,,,,,,,,,,,,,,,
7680,9.309,0.0282,0.05550694838166237,5e-05,,,,,,,,,,,,,,,,,
7690,9.321,0.0289,0.047272682189941406,5e-05,,,,,,,,,,,,,,,,,
7700,9.333,0.0298,0.055066004395484924,5e-05,,,,,,,,,,,,,,,,,
7710,9.345,0.03,0.09304478764533997,5e-05,,,,,,,,,,,,,,,,,
7720,9.358,0.0306,0.05778449401259422,5e-05,,,,,,,,,,,,,,,,,
7730,9.37,0.0304,0.05224068835377693,5e-05,,,,,,,,,,,,,,,,,
7740,9.382,0.0301,0.07170877605676651,5e-05,,,,,,,,,,,,,,,,,
7750,9.394,0.029,0.039245229214429855,5e-05,,,,,,,,,,,,,,,,,
7760,9.406,0.0309,0.04923957213759422,5e-05,,,,,,,,,,,,,,,,,
7770,9.418,0.0284,0.05219809710979462,5e-05,,,,,,,,,,,,,,,,,
7780,9.43,0.0307,0.06082853302359581,5e-05,,,,,,,,,,,,,,,,,
7790,9.442,0.0282,0.05372963473200798,5e-05,,,,,,,,,,,,,,,,,
7800,9.455,0.0288,0.06294524669647217,5e-05,,,,,,,,,,,,,,,,,
7810,9.467,0.0286,0.09983549267053604,5e-05,,,,,,,,,,,,,,,,,
7820,9.479,0.0291,0.062403373420238495,5e-05,,,,,,,,,,,,,,,,,
7830,9.491,0.0284,0.05407936871051788,5e-05,,,,,,,,,,,,,,,,,
7838,9.501,,,,0.5119236883445841,0.3902439023906166,0.5431952662224981,0.5647187328828288,0.7331634509874425,0.5754940710962191,0.648016276654127,0.5666793412254737,176.0685,7.951,0.25,,,,,,
7840,9.503,0.0287,0.04418273642659187,5e-05,,,,,,,,,,,,,,,,,
7850,9.515,0.0294,0.05781072378158569,5e-05,,,,,,,,,,,,,,,,,
7860,9.527,0.0292,0.0822700783610344,5e-05,,,,,,,,,,,,,,,,,
7870,9.539,0.0299,0.08068874478340149,5e-05,,,,,,,,,,,,,,,,,
7880,9.552,0.0288,0.03903434798121452,5e-05,,,,,,,,,,,,,,,,,
7890,9.564,0.029,0.0487155057489872,5e-05,,,,,,,,,,,,,,,,,
7900,9.576,0.0296,0.05411381646990776,5e-05,,,,,,,,,,,,,,,,,
7910,9.588,0.0289,0.07266334444284439,5e-05,,,,,,,,,,,,,,,,,
7920,9.6,0.0289,0.09710033237934113,5e-05,,,,,,,,,,,,,,,,,
7930,9.612,0.0287,0.05498524010181427,5e-05,,,,,,,,,,,,,,,,,
7940,9.624,0.0291,0.05356833338737488,5e-05,,,,,,,,,,,,,,,,,
7950,9.636,0.0294,0.09994529187679291,5e-05,,,,,,,,,,,,,,,,,
7960,9.648,0.0284,0.05397014692425728,5e-05,,,,,,,,,,,,,,,,,
7970,9.661,0.0296,0.05486560985445976,5e-05,,,,,,,,,,,,,,,,,
7980,9.673,0.0279,0.04397997632622719,5e-05,,,,,,,,,,,,,,,,,
7990,9.685,0.0287,0.06942613422870636,5e-05,,,,,,,,,,,,,,,,,
8000,9.697,0.0293,0.04841900244355202,5e-05,,,,,,,,,,,,,,,,,
8010,9.709,0.0286,0.05552728846669197,5e-05,,,,,,,,,,,,,,,,,
8020,9.721,0.0288,0.05138741433620453,5e-05,,,,,,,,,,,,,,,,,
8030,9.733,0.0304,0.053204573690891266,5e-05,,,,,,,,,,,,,,,,,
8040,9.745,0.0297,0.07487721741199493,5e-05,,,,,,,,,,,,,,,,,
8050,9.758,0.0301,0.06837224960327148,5e-05,,,,,,,,,,,,,,,,,
8060,9.77,0.0291,0.09134617447853088,5e-05,,,,,,,,,,,,,,,,,
8070,9.782,0.0288,0.08546458929777145,5e-05,,,,,,,,,,,,,,,,,
8080,9.794,0.0289,0.05739288777112961,5e-05,,,,,,,,,,,,,,,,,
8090,9.806,0.0289,0.13648350536823273,5e-05,,,,,,,,,,,,,,,,,
8100,9.818,0.03,0.047274019569158554,5e-05,,,,,,,,,,,,,,,,,
8110,9.83,0.0303,0.06398497521877289,5e-05,,,,,,,,,,,,,,,,,
8120,9.842,0.0303,0.05809641256928444,5e-05,,,,,,,,,,,,,,,,,
8130,9.855,0.0305,0.04783262312412262,5e-05,,,,,,,,,,,,,,,,,
8140,9.867,0.0289,0.06803780794143677,5e-05,,,,,,,,,,,,,,,,,
8150,9.879,0.0294,0.05029777064919472,5e-05,,,,,,,,,,,,,,,,,
8160,9.891,0.0297,0.04467492178082466,5e-05,,,,,,,,,,,,,,,,,
8170,9.903,0.0288,0.06972251832485199,5e-05,,,,,,,,,,,,,,,,,
8180,9.915,0.0283,0.06044544652104378,5e-05,,,,,,,,,,,,,,,,,
8190,9.927,0.0308,0.09534473717212677,5e-05,,,,,,,,,,,,,,,,,
8200,9.939,0.029,0.05491328984498978,5e-05,,,,,,,,,,,,,,,,,
8210,9.952,0.03,0.04867899417877197,5e-05,,,,,,,,,,,,,,,,,
8220,9.964,0.0305,0.06562349945306778,5e-05,,,,,,,,,,,,,,,,,
8230,9.976,0.0289,0.061377689242362976,5e-05,,,,,,,,,,,,,,,,,
8240,9.988,0.0285,0.04395904392004013,5e-05,,,,,,,,,,,,,,,,,
8250,10.0,0.0278,0.05705656483769417,5e-05,,,,,,,,,,,,,,,,,
8250,10.0,,,,0.5296950240274548,0.39560439555629795,0.5468749999501943,0.6008869179101578,0.7382352940675948,0.593450479183184,0.6525554981431559,0.5796146584054342,175.7566,7.966,0.25,,,,,,
8260,10.012,0.0286,0.050091832876205444,5e-05,,,,,,,,,,,,,,,,,
8270,10.024,0.0282,0.05107981339097023,5e-05,,,,,,,,,,,,,,,,,
8280,10.036,0.0286,0.06935345381498337,5e-05,,,,,,,,,,,,,,,,,
8290,10.048,0.0297,0.06666523218154907,5e-05,,,,,,,,,,,,,,,,,
8300,10.061,0.028,0.049651142209768295,5e-05,,,,,,,,,,,,,,,,,
8310,10.073,0.0282,0.05378304421901703,5e-05,,,,,,,,,,,,,,,,,
8320,10.085,0.0291,0.06477952748537064,5e-05,,,,,,,,,,,,,,,,,
8330,10.097,0.0285,0.07460106909275055,5e-05,,,,,,,,,,,,,,,,,
8340,10.109,0.0285,0.05317200347781181,5e-05,,,,,,,,,,,,,,,,,
8350,10.121,0.0284,0.04999218136072159,5e-05,,,,,,,,,,,,,,,,,
8360,10.133,0.0281,0.11355955898761749,5e-05,,,,,,,,,,,,,,,,,
8370,10.145,0.0305,0.07889245450496674,5e-05,,,,,,,,,,,,,,,,,
8380,10.158,0.0291,0.04448060318827629,5e-05,,,,,,,,,,,,,,,,,
8390,10.17,0.0285,0.04811282455921173,5e-05,,,,,,,,,,,,,,,,,
8400,10.182,0.0283,0.04949077591300011,5e-05,,,,,,,,,,,,,,,,,
8410,10.194,0.0286,0.04723069816827774,5e-05,,,,,,,,,,,,,,,,,
8420,10.206,0.028,0.10052179545164108,5e-05,,,,,,,,,,,,,,,,,
8430,10.218,0.0275,0.05687665194272995,5e-05,,,,,,,,,,,,,,,,,
8440,10.23,0.0292,0.059831611812114716,5e-05,,,,,,,,,,,,,,,,,
8450,10.242,0.0273,0.05371202901005745,5e-05,,,,,,,,,,,,,,,,,
8460,10.255,0.0292,0.05893997102975845,5e-05,,,,,,,,,,,,,,,,,
8470,10.267,0.0283,0.06876759231090546,5e-05,,,,,,,,,,,,,,,,,
8480,10.279,0.0276,0.05334024876356125,5e-05,,,,,,,,,,,,,,,,,
8490,10.291,0.0282,0.10463286936283112,5e-05,,,,,,,,,,,,,,,,,
8500,10.303,0.0294,0.0498715341091156,5e-05,,,,,,,,,,,,,,,,,
8510,10.315,0.0283,0.05882231146097183,5e-05,,,,,,,,,,,,,,,,,
8520,10.327,0.0291,0.06304207444190979,5e-05,,,,,,,,,,,,,,,,,
8530,10.339,0.0293,0.041171081364154816,5e-05,,,,,,,,,,,,,,,,,
8540,10.352,0.0278,0.039355263113975525,5e-05,,,,,,,,,,,,,,,,,
8550,10.364,0.0291,0.06470800191164017,5e-05,,,,,,,,,,,,,,,,,
8560,10.376,0.0285,0.052397388964891434,5e-05,,,,,,,,,,,,,,,,,
8570,10.388,0.0287,0.06129040569067001,5e-05,,,,,,,,,,,,,,,,,
8580,10.4,0.0289,0.04641866683959961,5e-05,,,,,,,,,,,,,,,,,
8590,10.412,0.0278,0.05753501504659653,5e-05,,,,,,,,,,,,,,,,,
8600,10.424,0.0286,0.08375953137874603,5e-05,,,,,,,,,,,,,,,,,
8610,10.436,0.0277,0.0640018880367279,5e-05,,,,,,,,,,,,,,,,,
8620,10.448,0.0271,0.041920628398656845,5e-05,,,,,,,,,,,,,,,,,
8630,10.461,0.0279,0.06170094385743141,5e-05,,,,,,,,,,,,,,,,,
8640,10.473,0.0275,0.039636507630348206,5e-05,,,,,,,,,,,,,,,,,
8650,10.485,0.0283,0.05123703554272652,5e-05,,,,,,,,,,,,,,,,,
8660,10.497,0.0277,0.05824588984251022,5e-05,,,,,,,,,,,,,,,,,
8662,10.499,,,,0.5175718849343828,0.39566395659115716,0.5427013930452381,0.605960264850708,0.7433174660795686,0.5735879076667495,0.6543778801344503,0.5761686790431791,176.1789,7.946,0.25,,,,,,
8670,10.509,0.0292,0.06103815883398056,5e-05,,,,,,,,,,,,,,,,,
8680,10.521,0.0291,0.0451178178191185,5e-05,,,,,,,,,,,,,,,,,
8690,10.533,0.0282,0.04097149521112442,5e-05,,,,,,,,,,,,,,,,,
8700,10.545,0.0285,0.07067205011844635,5e-05,,,,,,,,,,,,,,,,,
8710,10.558,0.028,0.060665395110845566,5e-05,,,,,,,,,,,,,,,,,
8720,10.57,0.0275,0.05965319275856018,5e-05,,,,,,,,,,,,,,,,,
8730,10.582,0.029,0.057219091802835464,5e-05,,,,,,,,,,,,,,,,,
8740,10.594,0.0273,0.0483655110001564,5e-05,,,,,,,,,,,,,,,,,
8750,10.606,0.0284,0.05674617365002632,5e-05,,,,,,,,,,,,,,,,,
8760,10.618,0.0299,0.05796385183930397,5e-05,,,,,,,,,,,,,,,,,
8770,10.63,0.0281,0.041024062782526016,5e-05,,,,,,,,,,,,,,,,,
8780,10.642,0.0278,0.0432133749127388,5e-05,,,,,,,,,,,,,,,,,
8790,10.655,0.028,0.05963430553674698,5e-05,,,,,,,,,,,,,,,,,
8800,10.667,0.0285,0.04335175082087517,5e-05,,,,,,,,,,,,,,,,,
8810,10.679,0.0284,0.07154809683561325,5e-05,,,,,,,,,,,,,,,,,
8820,10.691,0.0282,0.06250069290399551,5e-05,,,,,,,,,,,,,,,,,
8830,10.703,0.0295,0.06059521064162254,5e-05,,,,,,,,,,,,,,,,,
8840,10.715,0.0292,0.058559566736221313,5e-05,,,,,,,,,,,,,,,,,
8850,10.727,0.0278,0.0552745945751667,5e-05,,,,,,,,,,,,,,,,,
8860,10.739,0.029,0.10020726174116135,5e-05,,,,,,,,,,,,,,,,,
8870,10.752,0.0282,0.06425551325082779,5e-05,,,,,,,,,,,,,,,,,
8880,10.764,0.028,0.05560535192489624,5e-05,,,,,,,,,,,,,,,,,
8890,10.776,0.0281,0.05056164413690567,5e-05,,,,,,,,,,,,,,,,,
8900,10.788,0.0282,0.05746340751647949,5e-05,,,,,,,,,,,,,,,,,
8910,10.8,0.0282,0.0532197579741478,5e-05,,,,,,,,,,,,,,,,,
8920,10.812,0.0284,0.10885399580001831,5e-05,,,,,,,,,,,,,,,,,
8930,10.824,0.0284,0.061670687049627304,5e-05,,,,,,,,,,,,,,,,,
8940,10.836,0.0285,0.07090829312801361,5e-05,,,,,,,,,,,,,,,,,
8950,10.848,0.0276,0.044122111052274704,5e-05,,,,,,,,,,,,,,,,,
8960,10.861,0.0285,0.05198169872164726,5e-05,,,,,,,,,,,,,,,,,
8970,10.873,0.0277,0.0520637109875679,5e-05,,,,,,,,,,,,,,,,,
8980,10.885,0.0282,0.03913173824548721,5e-05,,,,,,,,,,,,,,,,,
8990,10.897,0.0284,0.05468892306089401,5e-05,,,,,,,,,,,,,,,,,
9000,10.909,0.0282,0.05792897939682007,5e-05,,,,,,,,,,,,,,,,,
9010,10.921,0.0289,0.05969451367855072,5e-05,,,,,,,,,,,,,,,,,
9020,10.933,0.029,0.05179837718605995,5e-05,,,,,,,,,,,,,,,,,
9030,10.945,0.0285,0.0705607458949089,5e-05,,,,,,,,,,,,,,,,,
9040,10.958,0.0278,0.0404464416205883,5e-05,,,,,,,,,,,,,,,,,
9050,10.97,0.0287,0.06087743490934372,5e-05,,,,,,,,,,,,,,,,,
9060,10.982,0.0287,0.05759028345346451,5e-05,,,,,,,,,,,,,,,,,
9070,10.994,0.0284,0.06162102892994881,5e-05,,,,,,,,,,,,,,,,,
9075,11.0,,,,0.5176848874102382,0.36490250691604703,0.5656689064864392,0.6182019977303175,0.740441176420536,0.5674044265093106,0.6968749999500277,0.5815969859175595,178.4555,7.845,0.247,,,,,,
9080,11.006,0.0267,0.04696798697113991,5e-05,,,,,,,,,,,,,,,,,
9090,11.018,0.027,0.06643646210432053,5e-05,,,,,,,,,,,,,,,,,
9100,11.03,0.0272,0.047230955213308334,5e-05,,,,,,,,,,,,,,,,,
9110,11.042,0.0273,0.045791465789079666,5e-05,,,,,,,,,,,,,,,,,
9120,11.055,0.0268,0.07568389177322388,5e-05,,,,,,,,,,,,,,,,,
9130,11.067,0.0279,0.07714099436998367,5e-05,,,,,,,,,,,,,,,,,
9140,11.079,0.028,0.07170847058296204,5e-05,,,,,,,,,,,,,,,,,
9150,11.091,0.0277,0.10274484753608704,5e-05,,,,,,,,,,,,,,,,,
9160,11.103,0.0275,0.04898503050208092,5e-05,,,,,,,,,,,,,,,,,
9170,11.115,0.0272,0.06820154190063477,5e-05,,,,,,,,,,,,,,,,,
9180,11.127,0.0274,0.04699667543172836,5e-05,,,,,,,,,,,,,,,,,
9190,11.139,0.0267,0.05093915015459061,5e-05,,,,,,,,,,,,,,,,,
9200,11.152,0.0278,0.04732684791088104,5e-05,,,,,,,,,,,,,,,,,
9210,11.164,0.028,0.04918002709746361,5e-05,,,,,,,,,,,,,,,,,
9220,11.176,0.0272,0.07796106487512589,5e-05,,,,,,,,,,,,,,,,,
9230,11.188,0.027,0.05731847509741783,5e-05,,,,,,,,,,,,,,,,,
9240,11.2,0.0284,0.07039786875247955,5e-05,,,,,,,,,,,,,,,,,
9250,11.212,0.0286,0.09047149866819382,5e-05,,,,,,,,,,,,,,,,,
9260,11.224,0.0263,0.05176438018679619,5e-05,,,,,,,,,,,,,,,,,
9270,11.236,0.0276,0.04488208889961243,5e-05,,,,,,,,,,,,,,,,,
9280,11.248,0.0279,0.06134882941842079,5e-05,,,,,,,,,,,,,,,,,
9290,11.261,0.0276,0.04898087680339813,5e-05,,,,,,,,,,,,,,,,,
9300,11.273,0.0268,0.04657507687807083,5e-05,,,,,,,,,,,,,,,,,
9310,11.285,0.0269,0.054891884326934814,5e-05,,,,,,,,,,,,,,,,,
9320,11.297,0.027,0.04102533683180809,5e-05,,,,,,,,,,,,,,,,,
9330,11.309,0.0268,0.06654665619134903,5e-05,,,,,,,,,,,,,,,,,
9340,11.321,0.0278,0.048708707094192505,5e-05,,,,,,,,,,,,,,,,,
9350,11.333,0.0281,0.0533096045255661,5e-05,,,,,,,,,,,,,,,,,
9360,11.345,0.0264,0.046606242656707764,5e-05,,,,,,,,,,,,,,,,,
9370,11.358,0.027,0.0687684640288353,5e-05,,,,,,,,,,,,,,,,,
9380,11.37,0.0272,0.052135009318590164,5e-05,,,,,,,,,,,,,,,,,
9390,11.382,0.0277,0.0479099340736866,5e-05,,,,,,,,,,,,,,,,,
9400,11.394,0.0287,0.05038817226886749,5e-05,,,,,,,,,,,,,,,,,
9410,11.406,0.0285,0.060117803514003754,5e-05,,,,,,,,,,,,,,,,,
9420,11.418,0.0274,0.047939006239175797,5e-05,,,,,,,,,,,,,,,,,
9430,11.43,0.0276,0.054662201553583145,5e-05,,,,,,,,,,,,,,,,,
9440,11.442,0.0274,0.08809609711170197,5e-05,,,,,,,,,,,,,,,,,
9450,11.455,0.0262,0.04799517244100571,5e-05,,,,,,,,,,,,,,,,,
9460,11.467,0.028,0.04205236956477165,5e-05,,,,,,,,,,,,,,,,,
9470,11.479,0.0281,0.07830049842596054,5e-05,,,,,,,,,,,,,,,,,
9480,11.491,0.0276,0.05296506732702255,5e-05,,,,,,,,,,,,,,,,,
9488,11.501,,,,0.5318471337082797,0.3884297520180866,0.5582524271345973,0.586283185790767,0.7251289608932078,0.5662650601909193,0.6646026831286099,0.5744013146949241,177.9076,7.869,0.247,,,,,,
9490,11.503,0.0283,0.07975652068853378,5e-05,,,,,,,,,,,,,,,,,
9500,11.515,0.0282,0.053050726652145386,5e-05,,,,,,,,,,,,,,,,,
9510,11.527,0.028,0.04890809953212738,5e-05,,,,,,,,,,,,,,,,,
9520,11.539,0.0277,0.05883913114666939,5e-05,,,,,,,,,,,,,,,,,
9530,11.552,0.0282,0.052465859800577164,5e-05,,,,,,,,,,,,,,,,,
9540,11.564,0.028,0.06475666910409927,5e-05,,,,,,,,,,,,,,,,,
9550,11.576,0.0286,0.09405766427516937,5e-05,,,,,,,,,,,,,,,,,
9560,11.588,0.0271,0.06706175953149796,5e-05,,,,,,,,,,,,,,,,,
9570,11.6,0.0279,0.04193701222538948,5e-05,,,,,,,,,,,,,,,,,
9580,11.612,0.0288,0.04405677318572998,5e-05,,,,,,,,,,,,,,,,,
9590,11.624,0.0273,0.07119277119636536,5e-05,,,,,,,,,,,,,,,,,
9600,11.636,0.0272,0.06457128375768661,5e-05,,,,,,,,,,,,,,,,,
9610,11.648,0.0282,0.06173626706004143,5e-05,,,,,,,,,,,,,,,,,
9620,11.661,0.0287,0.0497901476919651,5e-05,,,,,,,,,,,,,,,,,
9630,11.673,0.0289,0.06180226430296898,5e-05,,,,,,,,,,,,,,,,,
9640,11.685,0.0264,0.08210612088441849,5e-05,,,,,,,,,,,,,,,,,
9650,11.697,0.0277,0.05964996665716171,5e-05,,,,,,,,,,,,,,,,,
9660,11.709,0.0282,0.05833957716822624,5e-05,,,,,,,,,,,,,,,,,
9670,11.721,0.027,0.05471371114253998,5e-05,,,,,,,,,,,,,,,,,
9680,11.733,0.0282,0.07661961764097214,5e-05,,,,,,,,,,,,,,,,,
9690,11.745,0.0265,0.10794934630393982,5e-05,,,,,,,,,,,,,,,,,
9700,11.758,0.0273,0.06231747940182686,5e-05,,,,,,,,,,,,,,,,,
9710,11.77,0.0271,0.04343123733997345,5e-05,,,,,,,,,,,,,,,,,
9720,11.782,0.0278,0.048833657056093216,5e-05,,,,,,,,,,,,,,,,,
9730,11.794,0.027,0.04509531334042549,5e-05,,,,,,,,,,,,,,,,,
9740,11.806,0.0283,0.05149466544389725,5e-05,,,,,,,,,,,,,,,,,
9750,11.818,0.0278,0.08147947490215302,5e-05,,,,,,,,,,,,,,,,,
9760,11.83,0.0274,0.059181682765483856,5e-05,,,,,,,,,,,,,,,,,
9770,11.842,0.0282,0.06985513865947723,5e-05,,,,,,,,,,,,,,,,,
9780,11.855,0.0284,0.050753600895404816,5e-05,,,,,,,,,,,,,,,,,
9790,11.867,0.0269,0.0752355307340622,5e-05,,,,,,,,,,,,,,,,,
9800,11.879,0.0282,0.05260390788316727,5e-05,,,,,,,,,,,,,,,,,
9810,11.891,0.0278,0.061576250940561295,5e-05,,,,,,,,,,,,,,,,,
9820,11.903,0.0274,0.05196355655789375,5e-05,,,,,,,,,,,,,,,,,
9830,11.915,0.0277,0.04868510365486145,5e-05,,,,,,,,,,,,,,,,,
9840,11.927,0.0282,0.041288137435913086,5e-05,,,,,,,,,,,,,,,,,
9850,11.939,0.0269,0.043354421854019165,5e-05,,,,,,,,,,,,,,,,,
9860,11.952,0.0273,0.04516057297587395,5e-05,,,,,,,,,,,,,,,,,
9870,11.964,0.0274,0.06386759132146835,5e-05,,,,,,,,,,,,,,,,,
9880,11.976,0.0275,0.04646489396691322,5e-05,,,,,,,,,,,,,,,,,
9890,11.988,0.0265,0.11894159764051437,5e-05,,,,,,,,,,,,,,,,,
9900,12.0,0.0277,0.08200650662183762,5e-05,,,,,,,,,,,,,,,,,
9900,12.0,,,,0.5369774919118396,0.3874643874172787,0.5567265963542383,0.5730088495075825,0.7159676232023415,0.564102564052521,0.6666666666167044,0.5715591684375009,176.0978,7.95,0.25,,,,,,
9900,12.0,,,,,,,,,,,,,,,16946.1627,74.82,0.584,6.183990569425961e+17,618.3990569425961,0.04207960244381066
9900,12.0,,,,0.5176848874102382,0.36490250691604703,0.5656689064864392,0.6182019977303175,0.740441176420536,0.5674044265093106,0.6968749999500277,0.5815969859175595,176.6418,7.926,0.249,,,,,,
